latitude,longitude,Emissions
32.532237,-86.64644,"156,670"
30.659218,-87.746067,"528,947"
31.870253,-85.405104,"67,605"
33.015893,-87.127148,"58,318"
33.977358,-86.56644,"177,690"
32.101759,-85.717261,"26,357"
31.751667,-86.681969,"58,522"
33.771706,-85.822513,"350,959"
32.915504,-85.394032,"103,266"
34.069515,-85.654242,"88,122"
32.854051,-86.726607,"132,083"
31.990997,-88.248908,"42,004"
31.685521,-87.818624,"71,101"
33.2704,-85.863525,"39,771"
33.671964,-85.516126,"43,171"
31.402258,-85.989602,"151,153"
34.703112,-87.801457,"186,379"
31.430926,-86.988722,"36,947"
32.931445,-86.243482,"31,859"
31.243987,-86.448721,"104,197"
31.732826,-86.319222,"37,860"
34.131923,-86.869267,"264,764"
31.430654,-85.609476,"141,302"
32.33354,-87.114356,"117,096"
34.460929,-85.803992,"194,179"
32.597229,-86.142735,"223,660"
31.122287,-87.16841,"104,946"
34.047641,-86.034263,"306,675"
33.716157,-87.764292,"51,911"
34.441989,-87.842814,"90,995"
31.092393,-85.821011,"85,219"
32.844497,-87.9642,"23,606"
32.752796,-87.623061,"46,705"
31.516978,-85.239971,"54,009"
31.158193,-85.296398,"299,371"
34.764114,-85.980056,"158,337"
33.553444,-86.896536,"1,769,513"
33.787085,-88.087431,"43,027"
34.904122,-87.650997,"327,882"
34.529776,-87.321865,"120,467"
32.604064,-85.353048,"389,232"
34.810239,-86.981399,"288,273"
32.147888,-86.650586,"31,686"
32.387027,-85.692887,"52,123"
34.764238,-86.55108,"1,184,489"
32.247591,-87.791091,"63,789"
34.138219,-87.881551,"99,332"
34.309564,-86.321668,"279,543"
30.684572,-88.196568,"1,122,726"
31.580332,-87.383266,"63,346"
32.202881,-86.204461,"621,898"
34.454484,-86.846402,"405,210"
32.639005,-87.293827,"24,298"
33.296793,-88.096863,"57,665"
31.798651,-85.941604,"86,312"
33.296475,-85.464068,"63,519"
32.289811,-85.18698,"161,960"
33.712963,-86.315663,"247,151"
33.263043,-86.678089,"569,702"
32.597481,-88.200057,"36,079"
33.369314,-86.17593,"235,336"
32.863369,-85.799553,"124,748"
33.29022,-87.522783,"524,197"
33.791558,-87.301094,"202,337"
31.405217,-88.197564,"45,983"
31.990085,-87.304907,"28,009"
34.154607,-87.36529,"80,774"
55.245044,-161.997477,"1,199"
51.959447,178.338813,"1,506"
61.17425,-149.284329,"334,427"
60.929141,-160.152625,"6,331"
58.730149,-156.996679,548
63.681106,-150.026544,"2,752"
60.299091,-158.09732,"1,910"
64.692317,-146.601733,"124,592"
59.098771,-135.576936,"2,882"
58.403336,-135.884909,"1,775"
58.37291,-134.178445,"27,002"
60.366668,-152.322283,"70,058"
55.449938,-131.106685,"9,962"
57.270775,-153.953863,"7,588"
62.28306,-163.190903,"3,108"
58.108693,-156.414141,748
62.279075,-149.617562,"122,311"
64.783686,-164.188912,"3,355"
69.449343,-153.47283,"3,212"
67.005066,-160.021086,"2,231"
57.112458,-133.008598,"2,036"
55.682773,-133.162389,"2,444"
57.193204,-135.367396,"5,934"
59.575097,-135.335418,430
63.864997,-143.218628,"7,837"
61.34984,-145.023141,"5,074"
56.180779,-132.026788,"1,456"
60.019872,-140.414566,286
65.375716,-151.577878,"2,692"
35.385084,-109.490172,"58,517"
31.840129,-109.775163,"204,211"
35.829692,-111.773728,"170,994"
33.789618,-110.81187,"109,028"
32.931828,-109.87831,"53,115"
33.238872,-109.242323,"15,923"
33.72761,-114.038806,"44,492"
33.346541,-112.495534,"9,809,738"
35.717705,-113.749689,"420,260"
35.390785,-110.321025,"122,436"
32.128523,-111.783027,"1,922,241"
32.919038,-111.367005,"825,888"
31.525733,-110.845228,"69,975"
34.631212,-112.577385,"410,263"
32.773942,-113.910905,"401,795"
34.28957,-91.376547,"39,581"
33.190835,-91.772267,"45,201"
36.28071,-92.330438,"78,895"
36.337825,-94.256187,"668,807"
36.304308,-93.079204,"65,325"
33.466549,-92.169156,"23,632"
33.56046,-92.513879,"10,971"
36.337774,-93.541663,"72,454"
33.267139,-91.297158,"23,129"
34.053316,-93.176208,"41,376"
36.367302,-90.418704,"30,042"
35.566315,-92.05995,"52,781"
33.893201,-92.188714,"19,253"
33.223038,-93.232843,"50,843"
35.265702,-92.689248,"42,810"
35.827729,-90.631421,"194,744"
35.583041,-94.236224,"190,419"
35.211878,-90.315331,"96,069"
35.285692,-90.763984,"36,418"
33.967823,-92.653999,"16,655"
33.828752,-91.244103,"26,307"
33.587242,-91.722778,"37,849"
35.146286,-92.324711,"228,857"
35.508558,-93.887665,"55,228"
36.383619,-91.819664,"26,314"
34.578861,-93.146915,"199,964"
34.285568,-92.422979,"37,699"
36.120607,-90.566346,"93,099"
33.728611,-93.665809,"53,121"
34.315177,-92.944147,"61,371"
34.083064,-93.990931,"23,435"
35.737499,-91.559942,"72,969"
36.094879,-91.913625,"25,885"
35.596605,-91.223178,"28,837"
34.277695,-91.930701,"139,620"
35.573359,-93.466322,"51,727"
33.240629,-93.611514,"15,353"
36.041098,-91.101153,"30,855"
34.779858,-90.779345,"17,698"
33.957675,-91.727626,"21,779"
33.699497,-94.229774,"40,144"
35.218654,-93.72091,"43,005"
34.755114,-91.894132,"142,625"
36.012545,-93.724053,"49,440"
36.266672,-92.678567,"29,755"
33.305505,-93.901502,"132,741"
35.766943,-90.052209,"88,594"
34.679512,-91.20331,"16,104"
34.545581,-93.66333,"18,324"
33.666699,-93.305072,"18,144"
35.910742,-93.215899,"14,275"
33.59116,-92.878415,"50,496"
34.946363,-92.926877,"20,218"
34.423687,-90.855593,"39,865"
34.158191,-93.658659,"23,046"
35.56887,-90.681104,"48,714"
34.490915,-94.230884,"55,953"
35.456557,-93.026818,"114,837"
34.831116,-91.55362,"19,772"
34.770311,-92.312996,"709,957"
36.341298,-91.028441,"34,365"
35.014026,-90.742138,"46,253"
34.648525,-92.674463,"223,922"
34.858869,-94.063641,"19,355"
35.896387,-92.695888,"13,871"
35.196981,-94.274989,"355,044"
33.994877,-94.243279,"45,014"
36.173399,-91.471069,"35,465"
35.857031,-92.140573,"23,865"
33.168219,-92.598145,"84,853"
35.582953,-92.515976,"34,338"
35.971209,-94.218417,"513,021"
35.255118,-91.753034,"151,023"
35.192777,-91.244535,"13,398"
34.997713,-93.408303,"39,556"
37.647139,-121.912488,"684,796"
38.621783,-119.798352,576
38.44355,-120.653856,"24,694"
39.665959,-121.601919,"134,430"
38.1839,-120.561441,"29,399"
39.177739,-122.237563,"11,879"
37.919479,-121.951543,"632,998"
41.749903,-123.980998,"29,567"
38.785532,-120.534398,"128,302"
36.761006,-119.655019,"565,018"
39.602546,-122.4017,"16,167"
40.706673,-123.925818,"66,243"
33.040814,-115.3554,"275,121"
36.561977,-117.403927,"13,465"
35.346629,-118.729506,"480,262"
36.072478,-119.81553,"81,836"
39.094802,-122.746757,"39,920"
40.721086,-120.629952,"17,605"
34.196398,-118.261862,"5,003,136"
37.209821,-119.749802,"85,316"
38.051817,-122.745974,"151,502"
37.570033,-119.91286,"11,497"
39.432388,-123.442881,"50,109"
37.194806,-120.722802,"152,393"
41.592918,-120.71837,"10,669"
37.915836,-118.875167,"8,143"
36.240107,-121.315572,"167,479"
38.5071,-122.325904,"77,154"
39.297508,-120.771343,"66,815"
33.675687,-117.777207,"1,625,575"
39.062032,-120.722718,"293,760"
39.992295,-120.824371,"14,056"
33.729828,-116.002239,"1,524,565"
38.450011,-121.340441,"1,062,826"
36.610702,-121.085296,"26,953"
34.85722,-116.181197,"1,087,964"
33.023604,-116.776117,"1,400,903"
37.727239,-123.032229,"318,860"
37.934982,-121.272244,"408,003"
35.385224,-120.447544,"127,058"
37.414663,-122.371545,"349,117"
34.537057,-120.039973,"167,954"
37.220777,-121.690622,"871,737"
37.012488,-122.007205,"134,449"
40.760514,-122.043556,"152,424"
39.576925,-120.521993,"1,917"
41.587986,-122.533287,"56,045"
38.267226,-121.939594,"225,776"
38.525182,-122.92611,"252,234"
37.562316,-121.002831,"370,100"
39.03619,-121.70394,"58,205"
40.126156,-122.232276,"40,293"
40.647724,-123.114404,"10,170"
36.228824,-118.781061,"264,173"
38.021434,-119.964733,"35,402"
34.358741,-119.133143,"422,092"
38.679595,-121.902441,"105,861"
39.266247,-121.340781,"45,567"
39.874325,-104.331872,"836,881"
37.568442,-105.788041,"34,413"
39.644554,-104.331706,"1,183,047"
37.202395,-107.050863,"27,464"
37.306693,-102.537758,"8,012"
37.931891,-103.077584,"8,555"
40.09497,-105.397691,"573,702"
39.953302,-105.052038,"123,336"
38.738224,-106.316685,"42,878"
38.835386,-102.604585,"4,545"
39.689403,-105.670783,"23,922"
37.213406,-106.176447,"16,567"
37.277547,-105.42894,"8,244"
38.30618,-103.772736,"7,124"
38.101994,-105.373515,"10,867"
38.861756,-107.864757,"66,565"
39.76185,-104.881105,"1,172,493"
37.747602,-108.530383,"3,517"
39.325414,-104.925987,"703,187"
39.626992,-106.695169,"95,415"
39.310582,-104.117729,"62,264"
38.827383,-104.527472,"1,297,179"
38.45517,-105.424958,"74,080"
39.599352,-107.90978,"102,416"
39.861156,-105.528878,"13,844"
40.123205,-106.095935,"32,460"
38.67264,-107.066506,"32,145"
37.821165,-107.338261,"2,314"
37.687815,-104.959928,"14,658"
40.663432,-106.329248,"3,594"
39.579511,-105.245462,"1,116,010"
38.387663,-102.756849,"2,958"
39.30534,-102.603023,"21,317"
39.205341,-106.350079,"16,646"
37.287367,-107.839718,"106,925"
40.658093,-105.486764,"611,325"
37.318831,-104.04411,"31,327"
38.99374,-103.507555,"9,584"
40.728091,-103.090464,"52,255"
39.019421,-108.461893,"293,221"
37.549067,-107.003236,"2,485"
40.616358,-108.211099,"29,372"
37.338025,-108.595786,"52,443"
38.407507,-108.266282,"93,045"
40.263167,-103.812285,"74,430"
37.88417,-103.72126,"39,713"
38.154731,-107.78848,"12,550"
39.118914,-105.717648,"44,370"
40.594712,-102.345105,"11,728"
39.217332,-106.915783,"38,620"
37.958181,-102.392161,"25,726"
38.170658,-104.489892,"298,461"
39.972622,-108.200716,"11,392"
37.485853,-106.453128,"26,395"
40.483664,-106.987702,"59,922"
38.031651,-106.234666,"14,405"
37.781074,-107.670257,"1,442"
38.009374,-108.427326,"19,500"
40.871568,-102.355358,"6,777"
39.621023,-106.137555,"51,059"
38.870023,-105.187339,"59,684"
39.96579,-103.209744,"14,020"
40.555961,-104.383666,"510,068"
40.000631,-102.422649,"22,271"
41.227413,-73.367061,"814,269"
41.806053,-72.732916,"703,512"
41.791883,-73.235404,"172,268"
41.433003,-72.52278,"148,057"
41.349717,-72.900204,"684,401"
41.472651,-72.108633,"227,193"
41.858081,-72.340978,"118,963"
41.824999,-71.990702,"97,515"
39.097088,-75.502982,"244,631"
39.575915,-75.644132,"763,096"
38.673227,-75.337024,"350,961"
38.904103,-77.017229,"922,316"
29.67574,-82.357221,"599,290"
30.324442,-82.302284,"69,041"
30.238117,-85.63143,"454,602"
29.952386,-82.166599,"65,526"
28.298304,-80.700331,"1,362,868"
26.193535,-80.476683,"4,408,545"
30.388801,-85.197915,"33,697"
26.868933,-81.941077,"433,052"
28.84364,-82.52481,"356,611"
29.986584,-81.865036,"467,752"
26.118786,-81.400955,"781,608"
30.221333,-82.623168,"170,392"
27.190581,-81.806253,"73,187"
29.580899,-83.195666,"38,728"
30.335245,-81.648113,"2,163,388"
30.611638,-87.3389,"793,189"
29.474912,-81.286305,"234,280"
29.810176,-84.799174,"29,562"
30.578687,-84.612607,"99,504"
29.723456,-82.795801,"38,199"
26.95481,-81.19082,"25,526"
29.907257,-85.256537,"36,535"
30.491226,-82.951069,"31,946"
27.492846,-81.82158,"49,917"
26.539967,-81.152114,"84,175"
28.573043,-82.466227,"459,568"
27.342627,-81.340921,"222,398"
27.906607,-82.349719,"3,207,079"
30.866222,-85.812959,"48,247"
27.700528,-80.574789,"380,970"
30.78925,-85.208813,"119,468"
30.424558,-83.890859,"39,289"
29.990066,-83.17851,"15,620"
28.764113,-81.712282,"744,942"
26.559035,-81.891994,"1,605,229"
30.45931,-84.2778,"619,598"
29.284457,-82.783462,"94,142"
30.259849,-84.86858,"16,982"
30.447233,-83.470416,"44,287"
27.481682,-82.368767,"798,959"
29.202805,-82.0431,"784,850"
27.083604,-80.398201,"380,940"
25.61058,-80.499137,"5,624,096"
25.615457,-81.189971,"200,416"
30.605926,-81.764929,"203,641"
30.665851,-86.594187,"484,357"
27.385592,-80.887388,"86,791"
28.514435,-81.323295,"2,872,211"
28.059027,-81.139312,"638,000"
26.649124,-80.448374,"3,574,650"
28.307465,-82.464584,"1,127,915"
27.903122,-82.739518,"2,324,608"
27.953115,-81.692783,"1,483,746"
29.606006,-81.740894,"159,315"
29.890644,-81.383948,"541,630"
27.379812,-80.443537,"723,851"
30.701838,-87.012762,"443,524"
27.184386,-82.365835,"1,002,122"
28.690092,-81.131989,"1,092,462"
28.71431,-82.074703,"244,257"
30.189244,-82.992754,"112,097"
30.009908,-83.609483,"51,112"
30.05428,-82.366918,"27,561"
29.057769,-81.161792,"1,304,608"
30.140358,-84.375112,"76,362"
30.631211,-86.176614,"167,845"
30.602217,-85.662797,"59,305"
31.739712,-82.290103,"54,025"
31.296861,-82.878199,"21,292"
31.55021,-82.451433,"29,975"
31.31958,-84.454881,"11,118"
33.05949,-83.255457,"112,636"
34.351922,-83.498441,"49,187"
33.992009,-83.712303,"181,503"
34.240917,-84.838188,"274,288"
31.740775,-83.14719,"47,218"
31.288652,-83.22787,"56,434"
32.808844,-83.694193,"398,862"
32.435403,-83.331717,"32,795"
31.197334,-81.982978,"51,205"
30.822934,-83.581905,"50,483"
32.017969,-81.438543,"95,535"
32.391711,-81.744021,"189,684"
33.050819,-82.011571,"67,200"
33.290355,-83.958221,"58,409"
31.521279,-84.62629,"15,332"
30.913347,-81.642001,"138,046"
32.403851,-82.071236,"33,115"
33.582237,-85.080527,"279,790"
34.900218,-85.139386,"203,172"
30.779904,-82.139644,"27,254"
31.98041,-81.085196,"728,117"
32.347445,-84.788021,"16,770"
34.474178,-85.345289,"66,887"
34.244317,-84.475057,"511,146"
33.952185,-83.367152,"259,216"
31.619831,-84.992583,"8,656"
33.542686,-84.355573,"561,647"
30.917653,-82.702614,"19,526"
33.93994,-84.574166,"1,638,887"
31.549245,-82.844938,"108,730"
31.189758,-83.769741,"127,045"
33.547631,-82.252296,"355,993"
31.152528,-83.429438,"48,234"
33.352897,-84.762138,"344,984"
32.709428,-83.979187,"36,085"
31.915149,-83.753531,"68,051"
34.852424,-85.506201,"45,647"
34.442842,-84.173284,"58,528"
30.880655,-84.584144,"87,421"
33.770661,-84.226343,"1,537,832"
32.160235,-83.156241,"64,630"
32.151995,-83.807167,"39,397"
31.532588,-84.20904,"268,273"
33.699317,-84.765944,"310,389"
31.324191,-84.906723,"34,487"
30.7085,-82.836132,"11,498"
32.361711,-81.343337,"152,789"
34.116455,-82.841834,"54,403"
32.5911,-82.299763,"64,620"
32.153083,-81.890153,"32,044"
34.866543,-84.317331,"65,688"
33.412717,-84.493941,"270,377"
34.263684,-85.213654,"227,925"
34.225143,-84.127435,"449,913"
34.375081,-83.228064,"59,477"
33.790034,-84.468182,"2,221,114"
34.690495,-84.454651,"81,351"
33.227491,-82.606913,"9,007"
31.212746,-81.496517,"233,497"
34.509667,-84.873862,"156,733"
30.875903,-84.245008,"63,264"
33.57674,-83.166613,"51,155"
33.959148,-84.023085,"1,723,188"
34.634392,-83.525875,"108,658"
34.317588,-83.818497,"436,657"
33.26922,-83.000465,"20,982"
33.795165,-85.220062,"77,192"
32.731549,-84.912432,"100,715"
34.348733,-82.96329,"72,795"
33.291347,-85.137879,"34,786"
33.452947,-84.154021,"488,598"
32.458381,-83.662856,"408,422"
31.604306,-83.277037,"25,847"
34.130901,-83.562545,"158,163"
33.318169,-83.690142,"37,823"
31.811615,-82.636825,"43,567"
33.058176,-82.420004,"44,630"
32.794563,-81.971524,"28,943"
32.694584,-82.66397,"24,193"
33.020226,-83.562339,"83,478"
33.07446,-84.146721,"44,762"
31.038197,-83.063164,"28,944"
32.39322,-82.926317,"139,132"
31.818419,-84.146681,"90,024"
31.807458,-81.457871,"159,628"
33.792151,-82.448299,"26,758"
31.749563,-81.74287,"40,866"
30.833127,-83.268992,"269,498"
34.568135,-83.998906,"80,330"
33.482464,-82.473188,"62,384"
31.488592,-81.37246,"39,094"
32.362686,-84.051231,"32,656"
34.128526,-83.203737,"79,343"
32.359538,-84.529561,"22,781"
33.029267,-84.667058,"63,838"
31.162908,-84.730386,"19,553"
31.228997,-84.192038,"69,669"
33.017435,-83.922938,"74,601"
32.172108,-82.533349,"25,262"
33.593474,-83.491049,"50,073"
34.797097,-84.73799,"117,724"
32.510197,-84.874946,"475,564"
33.544021,-83.855185,"248,184"
33.834125,-83.437728,"100,558"
33.866806,-83.074081,"43,252"
33.921026,-84.867162,"340,234"
32.571324,-83.831978,"76,725"
34.456813,-84.490339,"77,787"
31.353988,-82.210427,"55,865"
33.090768,-84.386627,"47,568"
33.996015,-85.188338,"99,551"
32.238794,-83.481855,"27,376"
33.32106,-83.37179,"65,884"
31.862948,-85.004801,"6,975"
34.883949,-83.404859,"45,577"
31.762651,-84.752311,"21,169"
33.361487,-82.074998,"474,229"
33.652081,-84.02637,"194,186"
32.263441,-84.322724,"14,950"
32.744751,-81.617585,"37,735"
30.933894,-84.867592,"29,439"
33.262389,-84.286067,"162,490"
34.552914,-83.290216,"63,889"
32.073225,-84.834912,"12,103"
32.042198,-84.20426,"86,836"
32.704603,-84.530029,"20,765"
33.559319,-82.875272,"5,529"
32.043768,-82.059208,"63,630"
32.554667,-84.251426,"25,415"
31.913639,-82.931062,"39,914"
31.777191,-84.439446,"28,457"
30.864606,-83.91982,"136,274"
31.457003,-83.525931,"109,903"
32.126698,-82.332071,"81,014"
34.902529,-83.732264,"26,740"
32.409586,-82.570882,"20,557"
33.034482,-85.02836,"186,386"
31.7248,-83.620319,"24,498"
32.665847,-83.425879,"21,887"
34.833333,-83.989257,"53,063"
32.881837,-84.292281,"70,116"
34.735827,-85.305385,"207,301"
33.783887,-83.731829,"245,921"
31.050881,-82.421507,"105,578"
33.419169,-82.688012,"15,946"
32.971848,-82.798112,"55,126"
31.547845,-81.912376,"79,764"
32.046691,-84.553828,"8,167"
32.105268,-82.733865,"16,054"
34.643776,-83.743417,"74,645"
34.801726,-84.968541,"300,385"
31.962717,-83.438262,"21,823"
33.779031,-82.747921,"29,509"
32.804266,-83.175512,"25,389"
31.551773,-83.84996,"67,304"
19.597764,-155.502443,"197,268"
21.461365,-158.201974,"1,454,384"
21.218764,-156.97401,135
22.012038,-159.705965,"71,176"
20.855931,-156.60155,"182,211"
43.451477,-116.244376,"474,156"
44.877004,-116.461624,"6,200"
42.692921,-112.228982,"94,207"
42.285892,-111.327517,"7,556"
47.218451,-116.633541,"12,997"
43.216357,-112.399206,"56,787"
43.394192,-113.955371,"29,789"
43.987275,-115.71511,"11,355"
48.324634,-116.627443,"54,748"
43.395171,-111.621878,"128,676"
48.773133,-116.524673,"14,874"
43.685101,-113.177631,"4,208"
43.502733,-114.772066,"1,619"
43.623051,-116.708527,"241,302"
42.786072,-111.544273,"8,118"
42.282313,-113.626328,"31,797"
44.290218,-112.354613,940
46.67257,-115.6535,"12,355"
44.273351,-114.252267,"7,756"
43.394698,-115.471205,"32,725"
42.173609,-111.822965,"13,959"
44.218091,-111.484429,"17,632"
44.061473,-116.398784,"25,010"
42.973185,-114.82142,"23,370"
45.849644,-115.467337,"22,184"
43.796965,-112.318588,"31,327"
42.691395,-114.262086,"31,904"
47.677113,-116.694918,"176,846"
46.81892,-116.730974,"43,012"
44.928506,-113.887042,"13,857"
46.236328,-116.42376,"5,567"
42.986181,-114.153899,"6,968"
43.788614,-111.656993,"31,703"
42.857211,-113.63984,"31,476"
46.333791,-116.760909,"53,164"
42.183895,-112.520449,"5,672"
42.572851,-116.18969,"17,957"
44.00243,-116.750238,"32,861"
42.694126,-112.844407,"9,084"
47.347694,-115.885092,"15,921"
43.760994,-111.211765,"14,275"
42.352309,-114.665639,"101,545"
44.85596,-115.618061,"13,002"
44.448223,-116.797792,"15,194"
39.986052,-91.194961,"217,799"
37.183657,-89.349516,"22,909"
38.885924,-89.436592,"53,071"
42.318983,-88.824295,"88,872"
39.962069,-90.750309,"18,543"
41.401304,-89.528377,"106,678"
39.164262,-90.666295,"18,545"
42.0709,-89.924189,"35,585"
39.969202,-90.245704,"44,603"
40.13898,-88.196996,"581,804"
39.545524,-89.279593,"109,301"
39.332364,-87.791687,"59,945"
38.746832,-88.482344,"49,123"
38.606295,-89.426228,"123,487"
39.51368,-88.220782,"160,701"
41.894294,-87.645455,"8,112,382"
39.002769,-87.760621,"63,737"
39.273121,-88.240619,"36,168"
41.894612,-88.768991,"174,793"
40.181499,-88.901853,"54,466"
39.766078,-88.222866,"60,411"
41.852058,-88.086038,"1,553,557"
39.679037,-87.74711,"61,523"
38.417095,-88.047941,"25,734"
39.047945,-88.592849,"114,881"
39.001125,-89.017923,"65,894"
40.596539,-88.224588,"33,393"
37.991848,-88.926246,"149,833"
40.46524,-90.202269,"105,648"
37.768677,-88.227964,"20,729"
39.355444,-90.387757,"44,806"
41.29241,-88.401054,"97,534"
38.085226,-88.539005,"33,189"
40.405792,-91.167987,"61,709"
37.517852,-88.266148,"13,840"
40.814471,-90.941246,"22,332"
41.350021,-90.130838,"145,867"
40.748867,-87.833601,"92,985"
37.786096,-89.381212,"204,112"
39.004874,-88.150763,"34,827"
38.30078,-88.92421,"143,078"
39.080192,-90.361365,"83,242"
42.362391,-90.21147,"49,489"
37.460709,-88.882131,"47,754"
41.939594,-88.42804,"823,739"
41.13951,-87.861117,"201,114"
41.58814,-88.430626,"195,394"
40.930941,-90.213761,"154,514"
42.326435,-87.436033,"1,174,240"
41.343341,-88.885931,"293,711"
38.718954,-87.730221,"45,470"
41.747442,-89.299351,"71,719"
40.894376,-88.552852,"79,885"
40.129122,-89.365307,"88,526"
40.455808,-90.678954,"84,054"
42.324298,-88.452245,"535,438"
40.494559,-88.844539,"433,681"
39.860237,-88.961529,"355,964"
39.2659,-89.926344,"164,879"
38.827082,-89.900195,"921,719"
38.648106,-88.920488,"141,127"
41.031119,-89.342371,"38,370"
40.236993,-89.913575,"50,016"
37.216119,-88.705658,"56,362"
40.022569,-89.794133,"44,715"
41.204791,-90.741433,"49,560"
38.277983,-90.179078,"126,613"
39.228093,-89.478004,"93,355"
39.7183,-90.202543,"114,771"
39.636896,-88.625726,"48,446"
42.041884,-89.320176,"104,537"
40.785995,-89.767106,"509,181"
38.084381,-89.368525,"74,580"
40.009056,-88.592328,"56,235"
39.625106,-90.889034,"54,200"
37.417169,-88.542374,"15,856"
37.215615,-89.127755,"20,721"
41.198961,-89.298347,"18,828"
38.056515,-89.82121,"110,147"
38.711552,-88.085698,"52,975"
41.468404,-90.572203,"284,963"
38.470198,-89.928546,"921,242"
37.751508,-88.545024,"93,066"
39.757258,-89.662032,"697,488"
40.156905,-90.613464,"25,851"
39.637002,-90.477771,"18,306"
39.384926,-88.798862,"76,590"
41.096908,-89.797411,"18,898"
42.349726,-89.665994,"94,473"
40.508074,-89.51626,"374,978"
37.485644,-89.244638,"68,395"
40.186754,-87.726778,"239,715"
38.445821,-87.839167,"43,740"
40.850441,-90.620223,"50,930"
38.35314,-89.417187,"56,463"
38.431857,-88.43243,"63,470"
38.087372,-88.178585,"54,397"
41.750571,-89.910957,"122,929"
41.448474,-87.978456,"1,131,958"
37.730353,-88.930018,"260,475"
42.337396,-89.161205,"505,054"
40.789789,-89.210607,"114,801"
40.745733,-84.93613,"87,997"
41.091855,-85.07223,"819,935"
39.205843,-85.897999,"225,047"
40.600945,-87.314846,"19,309"
40.472672,-85.32373,"41,589"
40.050892,-86.469014,"198,138"
39.192864,-86.239728,"52,478"
40.58498,-86.565141,"55,897"
40.753799,-86.355168,"96,515"
38.476217,-85.711122,"318,733"
39.393951,-87.115837,"95,184"
40.305944,-86.477567,"83,682"
38.289433,-86.440871,"34,333"
38.694546,-87.072759,"88,162"
39.148321,-84.973497,"153,211"
39.30598,-85.499831,"82,998"
41.401189,-85.000185,"102,352"
40.227543,-85.399262,"307,866"
38.373344,-86.873385,"114,385"
41.600693,-85.863986,"362,673"
39.639655,-85.185032,"63,986"
38.317936,-85.911474,"224,207"
40.121237,-87.234872,"51,569"
39.409762,-85.066964,"75,519"
41.050384,-86.265006,"53,424"
38.317398,-87.580523,"112,138"
40.515758,-85.654946,"188,622"
39.047147,-87.004771,"98,463"
40.053646,-86.021726,"843,501"
39.82253,-85.773162,"212,076"
38.18644,-86.103681,"123,921"
39.768963,-86.509908,"441,065"
39.929591,-85.397363,"125,990"
40.483537,-86.114118,"223,636"
40.826394,-85.478597,"103,255"
38.911957,-86.042516,"130,866"
41.017688,-87.118814,"69,890"
40.434972,-85.00338,"63,444"
38.783604,-85.44009,"112,628"
38.996234,-85.628111,"99,662"
39.495986,-86.0946,"384,644"
38.688391,-87.420354,"114,215"
41.244293,-85.861575,"163,951"
41.642468,-85.426302,"54,470"
41.472247,-87.374337,"905,231"
41.549013,-86.744739,"216,783"
38.839815,-86.48782,"158,272"
40.166203,-85.722454,"361,078"
39.782976,-86.135794,"2,434,225"
41.325003,-86.269036,"89,699"
38.705322,-86.801847,"35,132"
40.772881,-86.044258,"88,616"
39.160751,-86.523325,"350,640"
40.040296,-86.892715,"102,911"
39.482646,-86.447457,"237,198"
40.962399,-87.402172,"30,902"
41.40468,-85.417271,"114,710"
38.940527,-84.964299,"18,747"
38.547381,-86.489257,"63,920"
39.317339,-86.838845,"75,531"
39.77425,-87.19695,"50,202"
38.081436,-86.62654,"47,160"
38.397898,-87.232532,"37,752"
41.509916,-87.071313,"316,180"
38.027614,-87.868653,"72,670"
41.045272,-86.692538,"30,299"
39.665548,-86.853373,"113,171"
40.164174,-85.005481,"84,647"
39.10023,-85.260541,"91,195"
39.622357,-85.466403,"50,547"
41.617699,-86.288159,"546,986"
38.679431,-85.751898,"79,532"
39.524135,-85.792174,"136,908"
38.009697,-87.010375,"51,159"
41.284478,-86.644636,"47,537"
41.643467,-85.002405,"67,662"
39.089225,-87.415843,"66,862"
38.825854,-85.029681,"36,370"
40.38913,-86.893555,"415,735"
40.310229,-86.056207,"47,830"
39.623111,-84.925152,"22,672"
38.02007,-87.586166,"469,916"
39.854045,-87.462071,"52,388"
39.429143,-87.390375,"301,797"
40.843747,-85.795192,"90,999"
40.352658,-87.375847,"26,761"
38.097728,-87.272049,"163,770"
38.600613,-86.104751,"90,504"
39.863091,-85.006735,"192,449"
40.735273,-85.212974,"81,335"
40.75095,-86.864293,"54,131"
41.136426,-85.501892,"99,661"
41.328528,-94.478164,"21,820"
41.021656,-94.696906,"11,783"
43.274964,-91.382751,"32,622"
40.744296,-92.873061,"30,955"
41.679178,-94.904312,"19,616"
42.092547,-92.05763,"60,335"
42.471541,-92.308033,"273,407"
42.038601,-93.938363,"55,814"
42.780895,-92.327356,"55,385"
42.470328,-91.838666,"45,593"
42.741522,-95.141432,"46,321"
42.734708,-92.780066,"42,535"
42.38617,-94.643683,"26,949"
42.039492,-94.867647,"53,311"
41.333824,-94.933302,"34,280"
41.77236,-91.132611,"46,015"
43.074975,-93.250965,"98,205"
42.742737,-95.633262,"34,679"
43.059741,-92.31721,"33,770"
41.029191,-93.784096,"23,102"
43.081224,-95.149875,"39,657"
42.840985,-91.323576,"40,038"
41.898073,-90.534243,"115,864"
42.043119,-95.38909,"45,245"
41.685321,-94.040707,"164,177"
40.748089,-92.410345,"24,140"
40.736379,-93.78458,"18,149"
42.472937,-91.366767,"36,053"
40.915339,-91.186925,"93,485"
43.389611,-95.196057,"41,504"
42.463481,-90.878771,"179,938"
43.377984,-94.66937,"25,560"
42.864122,-91.840376,"43,612"
43.052741,-92.787367,"42,956"
42.736549,-93.271425,"27,738"
40.74259,-95.599182,"19,195"
42.042494,-94.388703,"20,904"
42.403323,-92.790261,"30,780"
41.683573,-94.501272,"26,011"
42.390768,-93.709198,"39,094"
43.075411,-93.743697,"25,894"
42.390208,-93.241669,"38,005"
41.688584,-95.827149,"41,364"
40.985864,-91.54427,"47,667"
43.365312,-92.321908,"20,631"
42.782221,-94.202775,"28,149"
42.39186,-95.507421,"21,530"
41.683918,-92.059123,"42,327"
42.164281,-90.574596,"42,598"
41.685551,-93.054147,"99,190"
41.006384,-91.96744,"47,197"
41.668877,-91.588924,"271,111"
42.125118,-91.116914,"49,098"
41.331182,-92.167721,"26,988"
43.212478,-94.213983,"39,530"
40.647588,-91.477157,"107,552"
42.077951,-91.597674,"402,604"
41.218211,-91.256994,"27,328"
41.033344,-93.331467,"22,612"
43.38358,-96.207201,"41,753"
41.330622,-94.015184,"39,795"
41.330797,-92.636366,"59,617"
41.331455,-93.093849,"76,970"
42.041691,-92.981452,"85,621"
41.033703,-95.619101,"34,499"
43.348564,-92.784466,"24,226"
42.049432,-95.956566,"28,423"
41.028847,-92.869642,"26,335"
41.021735,-95.15779,"27,423"
41.483776,-91.118699,"108,749"
43.083746,-95.625624,"39,187"
43.378542,-95.633788,"15,565"
40.73909,-95.14429,"48,660"
43.075337,-94.669055,"23,863"
42.737585,-96.215864,"65,936"
42.734033,-94.678279,"19,603"
41.684816,-93.568971,"1,250,068"
41.340184,-95.544905,"201,984"
41.684526,-92.522882,"43,730"
40.735334,-94.244251,"12,011"
42.387526,-95.105224,"29,450"
41.642079,-90.622289,"359,516"
41.679014,-95.308917,"33,338"
43.082646,-96.17801,"85,714"
42.037538,-93.466093,"167,872"
42.074848,-92.529411,"41,435"
40.737949,-94.697108,"23,895"
41.02855,-94.245091,"30,685"
40.754117,-91.952943,"21,465"
41.031263,-92.409482,"77,767"
41.336862,-93.564222,"110,036"
41.329401,-91.725052,"51,005"
40.739983,-93.332613,"15,014"
42.433579,-94.175831,"89,579"
43.378124,-93.743488,"25,410"
43.292989,-91.850788,"43,515"
42.39322,-96.053296,"214,603"
43.373491,-93.248533,"17,185"
42.733007,-93.734735,"33,471"
37.884228,-95.300945,"38,796"
38.215114,-95.292046,"24,893"
39.532544,-95.313397,"43,678"
37.222906,-98.685052,"10,750"
38.481239,-98.767837,"73,133"
37.8561,-94.850928,"42,787"
39.825931,-95.569905,"28,247"
37.773649,-96.83884,"190,194"
38.299475,-96.594029,"7,494"
37.154259,-96.245396,"9,402"
37.169392,-94.845698,"64,289"
39.789918,-101.727326,"8,006"
37.233831,-99.813869,"5,697"
39.344964,-97.168853,"24,195"
39.487329,-97.64139,"24,271"
38.23645,-95.729137,"27,915"
37.181442,-99.251293,"4,189"
37.234507,-96.837247,"99,869"
37.50582,-94.853897,"109,959"
39.783542,-100.459708,"8,523"
38.867735,-97.157943,"56,600"
39.788502,-95.147225,"23,181"
38.896415,-95.290946,"256,613"
37.883595,-99.304746,"8,441"
37.456026,-96.244642,"8,726"
38.914596,-99.317329,"71,803"
38.700845,-98.205355,"15,952"
38.049808,-100.739967,"80,771"
37.688416,-99.884748,"72,785"
38.558019,-95.278962,"83,106"
39.002156,-96.768037,"75,987"
38.917239,-100.48736,"7,841"
39.354972,-99.879894,"7,644"
37.547537,-101.299362,"21,567"
37.744513,-100.451716,"14,694"
38.480404,-101.80597,"3,138"
37.879347,-96.241732,"19,482"
37.995244,-101.793689,"6,048"
37.188184,-98.06659,"16,035"
38.050144,-97.436706,"92,903"
37.554979,-100.879952,"9,219"
38.087493,-99.898407,"5,663"
39.411145,-95.794485,"39,218"
39.239644,-95.375314,"58,902"
39.77701,-98.222584,"8,435"
38.883907,-94.82233,"1,743,663"
37.994461,-101.308136,"9,190"
37.552951,-98.144529,"21,413"
37.561231,-99.286539,"6,240"
37.191468,-95.297473,"62,413"
38.481286,-100.466185,"4,545"
39.189511,-95.038977,"197,008"
39.047276,-98.214265,"9,127"
38.216549,-94.844932,"37,283"
38.913269,-101.157407,"7,584"
38.455498,-96.161589,"90,228"
38.395812,-97.647489,"80,971"
38.359647,-97.102771,"34,447"
39.782709,-96.521243,"30,401"
37.243886,-100.360094,"11,235"
38.566772,-94.832963,"128,220"
39.393026,-98.207362,"16,777"
37.189537,-95.742403,"99,105"
38.688204,-96.651448,"17,011"
37.185249,-101.809516,"8,607"
39.791043,-96.005381,"30,361"
37.564283,-95.315683,"48,229"
38.480437,-99.908745,"8,619"
39.783867,-99.899235,"13,181"
38.648409,-95.707596,"48,764"
39.348261,-98.767942,"9,952"
39.137963,-97.654802,"18,515"
38.181477,-99.234772,"17,620"
39.784506,-99.34215,"14,826"
39.382187,-96.337113,"58,631"
37.647594,-98.74012,"22,339"
39.786198,-101.076738,"7,765"
37.948185,-98.078346,"167,868"
39.82891,-97.650921,"12,398"
38.347178,-98.201415,"25,972"
39.291211,-96.727489,"157,660"
39.346006,-99.324492,"13,425"
38.523592,-99.309183,"9,166"
38.91604,-98.770949,"19,361"
38.786327,-97.650153,"153,609"
38.481877,-100.90636,"13,387"
37.681045,-97.461054,"1,324,344"
37.180623,-100.854932,"48,103"
39.041805,-95.755664,"458,491"
39.350542,-100.441206,"7,674"
39.351352,-101.719859,"17,396"
39.78466,-98.785429,"10,129"
38.03563,-98.719889,"12,409"
37.565932,-101.789383,"6,120"
37.200969,-101.317577,"14,275"
37.236662,-97.493352,"68,423"
39.357706,-101.083438,"21,178"
38.921302,-99.865423,"8,418"
38.955154,-96.201262,"20,531"
38.926626,-101.771103,"3,786"
39.776714,-97.095611,"16,141"
38.481922,-101.347434,"5,604"
37.558515,-95.745175,"27,509"
37.888197,-95.758489,"10,875"
39.115384,-94.763087,"402,115"
37.105559,-85.28138,"56,019"
36.75077,-86.192458,"61,869"
38.005396,-84.986417,"74,803"
37.051323,-89.010367,"29,632"
36.963671,-85.925162,"122,854"
38.152249,-83.737641,"37,476"
36.72268,-83.681046,"92,152"
38.974595,-84.731431,"315,855"
38.202562,-84.20986,"63,528"
38.360004,-82.681406,"154,703"
37.618104,-84.868352,"81,803"
38.680365,-84.115235,"28,863"
37.506632,-83.28304,"44,064"
37.777988,-86.432919,"51,063"
37.969928,-85.702641,"214,754"
37.207013,-86.682471,"44,733"
37.148642,-87.870509,"43,694"
36.620978,-88.274086,"109,330"
38.946981,-84.379583,"247,165"
36.857726,-88.975757,"17,471"
38.668394,-85.124024,"31,167"
38.309549,-83.048796,"90,203"
37.321962,-84.92822,"49,026"
36.892059,-87.492986,"191,687"
37.970133,-84.144974,"110,441"
37.157317,-83.718433,"66,517"
36.727258,-85.136098,"25,906"
37.358149,-88.10501,"30,170"
36.784224,-85.393507,"18,381"
37.731671,-87.087139,"272,258"
37.227514,-86.218015,"42,373"
38.115438,-83.097209,"20,977"
37.692449,-83.963983,"42,788"
38.040676,-84.458274,"831,756"
38.368431,-83.706152,"47,591"
37.559878,-82.743361,"132,203"
38.234919,-84.868786,"153,396"
36.552511,-89.187659,"20,273"
38.760103,-84.862153,"24,032"
37.630162,-84.545856,"60,244"
38.64916,-84.625927,"64,788"
36.723344,-88.649897,"110,770"
37.458577,-86.344011,"72,999"
37.269637,-85.561403,"33,873"
38.563562,-82.93382,"117,365"
37.843325,-86.792761,"25,990"
37.695836,-85.963183,"308,638"
36.859223,-83.221497,"102,721"
38.444578,-84.334131,"56,448"
37.316435,-85.8791,"61,729"
37.792542,-87.572577,"142,631"
38.451585,-85.11989,"50,604"
36.675896,-88.972084,"15,954"
37.31107,-87.542196,"141,820"
37.403458,-84.020576,"44,545"
38.189532,-85.657624,"1,965,489"
37.873291,-84.58396,"157,126"
37.84926,-82.830639,"75,668"
38.930503,-84.533438,"409,959"
37.359724,-82.945724,"50,519"
36.887476,-83.85563,"93,779"
37.544462,-85.696841,"46,536"
37.113268,-84.119395,"211,763"
38.074457,-82.738302,"50,532"
37.608116,-83.719248,"22,601"
37.087846,-83.388617,"37,486"
37.118536,-82.861251,"93,147"
38.552152,-83.376774,"38,217"
37.457174,-84.658335,"82,625"
37.209517,-88.363426,"30,425"
36.859829,-86.881436,"85,593"
37.023976,-88.083391,"27,342"
37.053683,-88.712366,"197,555"
36.731136,-84.491052,"49,366"
37.526707,-87.265597,"31,635"
37.723592,-84.276998,"252,635"
37.698953,-83.069716,"41,941"
37.552604,-85.268959,"58,420"
36.882017,-88.332752,"104,580"
37.796774,-82.506623,"38,276"
38.594137,-83.828125,"53,810"
37.967476,-86.200863,"78,373"
37.950665,-83.597515,"17,213"
37.812085,-84.879694,"73,309"
36.992515,-85.633598,"27,898"
36.714077,-85.713508,"32,605"
38.038138,-83.912337,"84,680"
37.92294,-83.258944,"34,051"
37.213816,-87.134092,"93,813"
37.803188,-85.465955,"150,367"
38.337132,-84.025554,"22,705"
37.477859,-86.844871,"74,386"
38.400127,-85.456152,"170,434"
38.499394,-84.84159,"32,560"
37.423614,-83.691628,"12,913"
38.696284,-84.351944,"41,301"
37.241282,-83.217772,"99,269"
37.486031,-82.410913,"247,627"
37.800629,-83.820015,"32,354"
37.108312,-84.579986,"206,631"
38.513473,-84.06423,"7,531"
37.36105,-84.314368,"59,085"
38.20425,-83.42807,"65,983"
36.990605,-85.054874,"55,836"
38.289882,-84.579376,"156,922"
38.239028,-85.228266,"128,833"
36.740947,-86.581746,"55,822"
38.024903,-85.316765,"56,815"
37.366184,-85.327836,"71,293"
36.840338,-87.183642,"37,790"
36.807681,-87.858652,"51,551"
38.62004,-85.351208,"31,000"
37.658029,-87.95165,"44,160"
36.995634,-86.423579,"351,695"
37.754209,-85.175416,"37,758"
36.802011,-84.83044,"52,384"
37.51946,-87.68479,"42,294"
36.758024,-84.144648,"102,009"
37.743774,-83.495068,"18,223"
38.043103,-84.748863,"82,186"
30.291497,-92.411037,"128,047"
30.652744,-92.819605,"43,424"
30.206444,-90.912502,"253,365"
29.898853,-91.052465,"51,613"
31.088503,-91.983275,"130,592"
30.645018,-93.340253,"76,841"
32.340952,-93.041151,"34,359"
32.695851,-93.616132,"375,347"
32.577195,-93.882423,"778,985"
30.229559,-93.358015,"657,169"
32.101219,-92.114231,"21,367"
29.871812,-93.164948,"18,043"
31.666517,-91.846703,"22,839"
32.827043,-92.989767,"33,873"
31.469805,-91.626314,"44,417"
32.059248,-93.740797,"88,762"
30.54393,-91.093131,"1,009,326"
32.73017,-91.234141,"12,939"
30.839784,-91.043434,"45,853"
30.720693,-92.404086,"103,290"
32.139076,-91.672371,"43,034"
31.597787,-92.561716,"68,474"
29.606013,-91.842706,"154,790"
30.270628,-91.365848,"63,690"
32.30429,-92.5617,"34,871"
29.5033,-90.036231,"866,507"
30.269529,-92.816221,"69,518"
30.206507,-92.06417,"557,367"
29.491992,-90.394849,"209,091"
31.680083,-92.161596,"33,254"
32.601823,-92.662303,"96,283"
30.440419,-90.727474,"322,078"
32.341375,-91.242023,"20,908"
32.820008,-91.800399,"57,603"
31.732551,-93.082611,"82,534"
30.05342,-89.934502,"772,118"
32.477664,-92.154848,"330,352"
29.402337,-89.298489,"51,600"
30.708319,-91.604621,"52,078"
31.193204,-92.535953,"441,049"
32.101213,-93.34905,"30,636"
32.413158,-91.748353,"43,859"
31.560402,-93.559579,"81,331"
29.91811,-89.263494,"122,460"
29.905722,-90.357855,"166,491"
30.822539,-90.708307,"24,405"
30.024777,-90.793956,"47,381"
30.147307,-90.485674,"94,374"
30.583441,-91.989274,"180,260"
30.121433,-91.611481,"125,436"
29.629349,-91.463804,"176,768"
30.410022,-89.951962,"533,778"
30.62158,-90.406633,"283,664"
32.001489,-91.342576,"10,010"
29.33413,-90.843674,"218,767"
32.829349,-92.37565,"46,746"
29.789722,-92.291568,"137,407"
31.110563,-93.18152,"157,781"
30.852144,-90.046253,"101,985"
32.732152,-93.339825,"82,490"
30.464052,-91.309808,"54,994"
32.79248,-91.451998,"23,979"
30.872701,-91.421008,"25,862"
31.941187,-92.641269,"34,496"
44.167681,-70.207435,"73,717"
46.727082,-68.649426,"49,264"
43.808348,-70.330375,"186,960"
44.973012,-70.444727,"20,512"
44.564906,-68.370703,"36,942"
44.417012,-69.765764,"86,494"
44.042045,-69.038514,"27,894"
43.994263,-69.514038,"26,044"
44.4945,-70.734421,"36,671"
45.409279,-68.666598,"98,865"
45.917685,-69.104536,"12,876"
43.916645,-69.844326,"26,930"
45.507482,-69.97604,"38,453"
44.505834,-69.138952,"28,917"
44.967009,-67.609354,"20,561"
43.426019,-70.668425,"153,198"
39.612313,-78.703104,"182,396"
38.993579,-76.56048,"926,081"
39.443167,-76.616569,"1,150,828"
38.522611,-76.529493,"168,198"
38.871531,-75.831662,"55,220"
39.563301,-77.015368,"281,970"
39.562354,-75.941585,"155,216"
38.472853,-77.015427,"266,039"
38.429196,-76.047433,"55,933"
39.470429,-77.397624,"713,928"
39.547299,-79.274619,"81,224"
39.537429,-76.299789,"394,128"
39.252264,-76.924406,"470,764"
39.241279,-76.125987,"32,915"
39.137381,-77.203063,"2,467,661"
38.82588,-76.847272,"1,265,373"
39.040693,-76.082405,"86,613"
38.220289,-76.530384,"187,815"
38.07445,-75.853323,"34,964"
38.748352,-76.17848,"71,659"
39.603621,-77.814671,"421,856"
38.367375,-75.632089,"157,689"
38.222133,-75.309931,"88,559"
39.300032,-76.610476,"792,386"
41.799014,-70.21188,"182,445"
42.375314,-73.213948,"95,391"
41.746863,-71.090509,"376,688"
41.38097,-70.701499,"13,338"
42.642711,-70.865107,"519,026"
42.584504,-72.591792,"56,380"
42.136198,-72.635648,"350,382"
42.339459,-72.663694,"110,880"
42.481711,-71.394917,"1,026,424"
41.305878,-70.14191,"9,186"
42.17175,-71.181115,"476,917"
41.987196,-70.741942,"376,093"
42.33196,-71.020173,"402,098"
42.311693,-71.940282,"607,804"
44.682535,-82.83408,"20,885"
47.080077,-86.564108,"13,499"
42.595787,-86.634745,"207,176"
44.894954,-83.426574,"44,807"
45.005455,-85.175639,"46,735"
44.036833,-83.740675,"31,107"
46.695859,-88.36181,"12,796"
42.582811,-85.31455,"116,499"
43.699711,-83.978701,"203,440"
44.648621,-86.494317,"32,839"
41.792639,-86.741822,"360,217"
41.918455,-85.066885,"77,744"
42.24299,-85.012385,"245,754"
41.916966,-86.000257,"135,321"
45.513164,-85.450392,"47,965"
45.47612,-84.495271,"46,949"
46.321819,-84.52063,"57,146"
43.991137,-84.838325,"62,982"
42.950455,-84.591695,"146,517"
44.680208,-84.611132,"26,508"
45.805229,-86.901938,"63,775"
46.012823,-87.866119,"42,367"
42.589614,-84.846524,"204,607"
45.590094,-84.986822,"60,622"
43.021077,-83.706372,"851,848"
43.98975,-84.389816,"51,222"
46.488054,-89.788314,"26,173"
44.718688,-85.553848,"152,816"
43.292326,-84.60469,"71,097"
41.864475,-84.642409,"90,381"
46.998431,-88.651908,"52,602"
43.907616,-82.857045,"64,381"
42.603534,-84.373811,"481,133"
42.94465,-85.073766,"108,611"
44.329482,-82.849447,"50,794"
46.170254,-88.540526,"16,905"
43.645233,-84.839424,"112,278"
42.248474,-84.420868,"306,711"
42.246266,-85.532854,"494,731"
44.678881,-85.088992,"32,675"
43.032497,-85.547446,"945,814"
47.681974,-88.148797,"4,165"
43.995187,-85.8114,"21,045"
43.088633,-83.224325,"175,933"
45.146182,-86.051574,"42,733"
41.896109,-84.07435,"186,371"
42.602532,-83.911718,"356,189"
46.940602,-85.582368,"9,818"
46.167868,-85.303762,"23,289"
42.671467,-82.910869,"1,478,731"
44.350385,-86.602967,"43,324"
46.656596,-87.584028,"101,453"
43.996636,-86.750814,"54,940"
43.635295,-85.332751,"70,621"
45.538237,-87.492949,"42,969"
43.648203,-84.379414,"167,464"
44.325424,-85.085471,"27,422"
41.916097,-83.487106,"294,307"
43.312782,-85.149468,"109,939"
45.024134,-84.130107,"16,936"
43.289258,-86.751892,"278,564"
43.562709,-85.791423,"92,019"
42.660452,-83.38421,"2,274,367"
43.647255,-86.807575,"50,820"
44.33328,-84.128073,"45,893"
47.216604,-89.500461,"12,645"
43.997552,-85.322283,"43,741"
44.687257,-84.126905,"15,685"
45.021787,-84.576603,"42,647"
42.942461,-86.654946,"394,720"
45.489515,-83.384019,"24,769"
44.339517,-84.611271,"50,293"
43.328267,-84.05541,"404,012"
42.928803,-82.668913,"296,930"
41.911488,-85.52287,"121,329"
43.449155,-82.642815,"80,657"
46.021122,-86.197029,"12,310"
42.951545,-84.146352,"150,553"
43.487902,-83.436618,"104,440"
42.28215,-86.306076,"148,875"
42.252327,-83.844634,"659,460"
42.284664,-83.261953,"3,190,673"
44.331375,-85.570046,"57,390"
46.602446,-93.41976,"40,102"
45.27411,-93.242723,"579,006"
46.937629,-95.741757,"94,522"
47.879508,-95.00505,"127,372"
45.701225,-94.00144,"82,432"
45.419925,-96.402226,"13,565"
44.03371,-94.064012,"115,580"
44.246541,-94.733647,"69,463"
46.603818,-92.671044,"69,037"
44.82132,-93.800091,"178,497"
46.951745,-94.333705,"78,742"
45.028625,-95.564108,"29,643"
45.505444,-92.903849,"112,775"
46.898377,-96.494901,"150,959"
47.575873,-95.371117,"25,912"
47.538569,-90.29019,"16,135"
44.010711,-95.18313,"40,915"
46.491653,-94.070718,"127,100"
44.670893,-93.062481,"721,379"
44.020706,-92.869353,"42,719"
45.936829,-95.462156,"91,739"
43.676522,-93.947234,"43,134"
43.679187,-92.093937,"59,558"
43.674202,-93.350289,"72,187"
44.406178,-92.716,"98,570"
45.930743,-96.010699,"16,945"
45.006121,-93.475228,"1,934,358"
43.66699,-91.501556,"49,796"
47.095551,-94.91329,"63,562"
45.562431,-93.296339,"83,441"
47.490817,-93.611102,"99,868"
43.671111,-95.149731,"36,182"
45.94776,-93.297788,"36,285"
45.152714,-95.004981,"99,228"
48.77604,-96.780349,"13,124"
48.245489,-93.782842,"29,386"
44.999857,-96.176838,"20,367"
47.517111,-91.411704,"26,824"
48.7681,-94.904633,"11,224"
44.373424,-93.730143,"59,555"
44.408238,-96.272032,"16,702"
44.409195,-95.847268,"69,310"
44.821657,-94.272323,"93,016"
47.328387,-95.811089,"13,524"
48.362728,-96.357761,"29,119"
43.677118,-94.537252,"66,903"
45.123155,-94.527346,"64,656"
45.929043,-93.632996,"56,994"
46.020484,-94.266619,"71,932"
43.666249,-92.759514,"83,392"
44.015594,-95.761581,"22,805"
44.358819,-94.245685,"62,208"
43.677686,-95.763132,"69,636"
47.32947,-96.463807,"19,949"
44.003429,-92.406722,"316,097"
46.405725,-95.714578,"140,481"
48.069247,-96.037725,"43,171"
46.10094,-92.763094,"61,081"
44.015361,-96.257015,"23,686"
47.774254,-96.400027,"102,018"
45.589623,-95.446705,"27,793"
45.01525,-93.100141,"853,426"
47.865487,-96.08718,"12,198"
44.403536,-95.254241,"39,974"
44.723697,-94.955617,"38,679"
44.350943,-93.298503,"118,222"
43.669587,-96.263238,"37,159"
48.761068,-95.821504,"50,447"
47.578635,-92.51457,"367,623"
44.651805,-93.533731,"244,180"
45.453176,-93.76913,"179,469"
44.575734,-94.230123,"37,379"
45.555235,-94.610482,"300,869"
44.015261,-93.220453,"77,001"
45.593461,-95.992315,"20,315"
45.27581,-95.690124,"23,519"
46.066569,-94.900576,"56,675"
45.769935,-96.474832,"9,597"
44.289693,-92.23334,"52,384"
46.586986,-94.988608,"30,306"
44.01846,-93.589844,"37,226"
45.037929,-92.890117,"486,975"
43.978096,-94.613842,"36,244"
46.362335,-96.476657,"16,671"
43.982268,-91.776708,"99,209"
45.175091,-93.966396,"246,715"
44.715736,-95.862756,"26,719"
31.486218,-91.351781,"86,708"
34.886569,-88.581109,"119,920"
31.203933,-90.795542,"39,530"
33.09047,-89.588622,"61,025"
34.810518,-89.200285,"24,545"
33.799139,-90.88412,"92,722"
33.936634,-89.337114,"48,342"
33.440795,-89.918887,"29,564"
33.921654,-88.945808,"51,099"
33.345964,-89.251332,"25,982"
31.97281,-90.915424,"24,669"
32.045374,-88.687976,"51,733"
33.661733,-88.783326,"62,158"
34.22867,-90.603165,"65,008"
31.866915,-90.448758,"77,165"
31.633331,-89.548897,"53,320"
34.874266,-89.99324,"506,517"
31.18858,-89.259447,"191,955"
31.477776,-90.895811,"19,461"
30.855431,-88.642268,"56,127"
31.212845,-88.634811,"31,317"
33.770031,-89.80274,"62,850"
30.391641,-89.482791,"135,289"
30.416536,-89.083376,"509,016"
32.267788,-90.466017,"483,352"
33.125942,-90.091197,"46,925"
33.130996,-90.523421,"22,583"
32.755539,-91.003535,"3,945"
34.281075,-88.363127,"76,582"
30.456005,-88.625101,"355,976"
32.016989,-89.11943,"49,273"
31.733633,-91.043878,"18,275"
31.565606,-89.826517,"40,044"
31.616601,-89.168532,"175,741"
32.750136,-88.625631,"25,434"
34.349298,-89.485903,"144,898"
31.197586,-89.506369,"159,930"
32.403998,-88.660449,"200,321"
31.550009,-90.10753,"41,271"
32.760737,-89.522236,"75,000"
34.29237,-88.682439,"270,056"
33.54979,-90.294934,"71,035"
31.535216,-90.453566,"83,071"
33.471424,-88.439723,"187,341"
32.63437,-90.03416,"211,530"
31.230167,-89.821712,"70,628"
34.76619,-89.504231,"124,042"
33.89003,-88.485038,"118,638"
33.500714,-89.639625,"32,631"
32.752518,-89.119274,"88,321"
32.40197,-89.118412,"63,488"
33.106508,-88.566004,"33,396"
33.422313,-88.876151,"120,465"
34.365205,-89.963065,"107,254"
30.774793,-89.586904,"151,882"
31.169307,-88.988755,"33,038"
31.177516,-90.397728,"119,392"
34.227081,-89.037239,"89,853"
34.621104,-88.522179,"76,625"
34.252833,-90.290171,"24,768"
32.267123,-89.946063,"428,795"
32.427127,-89.533209,"78,421"
32.892395,-90.827613,"13,733"
31.902505,-89.917709,"70,561"
32.019029,-89.494877,"47,824"
30.790184,-89.112297,"43,788"
33.605529,-90.59509,"61,915"
33.954527,-90.172245,"36,525"
34.649553,-89.943105,"92,662"
34.763618,-88.918819,"65,623"
34.737697,-88.236064,"56,148"
34.652201,-90.37177,"33,426"
34.489533,-89.002339,"81,650"
31.164492,-90.103431,"48,975"
32.356095,-90.852384,"108,932"
33.273174,-90.944446,"133,923"
31.642503,-88.678214,"54,436"
33.612048,-89.283836,"34,255"
31.161091,-91.324617,"18,231"
33.078724,-89.037391,"55,996"
34.030666,-89.703807,"41,647"
32.765675,-90.387928,"65,294"
40.190666,-92.603592,"95,299"
39.988863,-94.803551,"67,858"
40.431846,-95.437555,"22,801"
39.21448,-91.843415,"92,226"
36.699378,-93.834326,"92,105"
37.500799,-94.344089,"44,043"
38.257217,-94.339246,"64,131"
38.301036,-93.287942,"76,419"
37.318346,-90.024604,"47,137"
38.989861,-92.310202,"624,245"
39.660369,-94.808173,"276,070"
36.71518,-90.40313,"195,230"
39.658998,-93.979179,"40,034"
38.835547,-91.923446,"167,078"
38.026527,-92.765327,"172,847"
37.384141,-89.685658,"305,084"
39.427375,-93.500227,"29,763"
36.944858,-90.945705,"27,824"
38.646474,-94.354547,"357,255"
37.733655,-93.850014,"52,858"
39.517968,-92.96162,"24,071"
36.969739,-93.187614,"236,627"
40.407275,-91.729472,"29,752"
39.315551,-94.421502,"666,363"
39.608723,-94.395803,"85,045"
38.503233,-92.280027,"289,867"
38.845386,-92.812323,"67,904"
37.96656,-91.313933,"95,220"
37.43235,-93.854878,"28,703"
37.683583,-93.033812,"61,714"
39.962839,-93.970053,"31,091"
39.894665,-94.40719,"38,899"
37.603075,-91.489716,"62,339"
36.946517,-92.515892,"42,467"
36.153025,-90.062254,"135,550"
38.408313,-91.07341,"452,472"
38.441183,-91.50578,"66,646"
40.208127,-94.405321,"25,865"
37.258196,-93.340641,"938,663"
40.112541,-93.565054,"37,724"
40.34562,-93.992582,"31,679"
38.386491,-93.792628,"95,632"
37.9367,-93.322834,"34,962"
40.095724,-95.219072,"19,688"
39.143365,-92.695926,"33,654"
36.774369,-91.887368,"158,331"
37.625971,-90.699587,"42,734"
39.005441,-94.343326,"1,948,847"
37.205197,-94.337259,"403,317"
38.257599,-90.543542,"904,283"
38.741528,-93.811863,"177,807"
40.136776,-92.146809,"17,384"
37.659688,-92.59484,"150,259"
39.068705,-93.802639,"110,559"
37.10659,-93.830551,"135,874"
40.084559,-91.728803,"38,316"
39.062255,-90.962916,"213,199"
39.86444,-93.108019,"50,211"
39.778587,-93.548201,"55,664"
36.630218,-94.343956,"77,293"
39.829795,-92.56434,"54,136"
37.473235,-90.345453,"47,429"
38.162615,-91.923601,"40,816"
39.807538,-91.635379,"102,162"
40.421413,-93.567631,"12,607"
38.21668,-92.429876,"96,876"
36.826264,-89.295929,"55,119"
38.633037,-92.583642,"53,495"
39.49827,-92.006458,"36,925"
38.935184,-91.465427,"52,184"
38.420807,-92.874835,"78,709"
36.594261,-89.655948,"79,034"
36.908364,-94.335021,"201,696"
40.361136,-94.883146,"75,923"
36.68531,-91.401827,"41,544"
38.464253,-91.859504,"51,287"
36.64959,-92.458549,"36,558"
36.209916,-89.785942,"72,448"
37.71113,-89.802125,"60,532"
38.727367,-93.285207,"146,734"
37.866326,-91.790349,"178,739"
39.339959,-91.171607,"68,519"
39.378696,-94.761472,"321,240"
37.616761,-93.400817,"111,108"
37.824835,-92.207022,"157,872"
40.478606,-93.014531,"17,609"
39.553455,-91.524787,"44,632"
39.439249,-92.492959,"89,145"
39.308401,-93.995746,"73,033"
37.360857,-90.969516,"28,438"
36.648902,-90.86706,"61,475"
38.781102,-90.674915,"1,257,113"
38.039069,-93.773076,"36,995"
37.885845,-90.161531,"69,403"
37.810707,-90.473868,"278,223"
38.640702,-90.445954,"3,426,211"
39.13584,-93.204164,"68,195"
40.469361,-92.519016,"17,324"
40.447686,-92.142824,"16,668"
37.047793,-89.568098,"166,917"
37.152498,-91.391328,"30,239"
39.797531,-92.088719,"24,246"
36.851557,-89.947481,"128,287"
36.751004,-93.473701,"90,812"
40.209587,-93.109783,"21,435"
36.649827,-93.042819,"201,068"
37.314257,-91.964478,"92,392"
37.850196,-94.341597,"78,013"
38.761902,-91.159306,"139,558"
37.942611,-90.897018,"108,732"
37.112319,-90.452378,"59,825"
37.280804,-92.87608,"143,315"
40.480192,-94.418748,"8,564"
37.267636,-92.48001,"77,318"
38.635699,-90.244582,"1,189,337"
45.133863,-112.892869,"10,174"
45.407869,-107.518163,"12,113"
48.428282,-108.967648,"6,269"
46.329849,-111.497873,"6,444"
45.224475,-109.028551,"11,713"
45.516825,-104.515324,"3,128"
47.316443,-111.350571,"75,228"
47.886837,-110.436189,"6,246"
46.261481,-105.550508,"12,518"
48.794429,-105.541739,"4,468"
47.272425,-104.901027,"20,001"
46.094612,-113.141624,"8,394"
46.318184,-104.405718,"6,194"
47.223641,-109.223714,"12,706"
48.314575,-114.054533,"138,054"
45.518054,-111.163921,"100,993"
47.280033,-106.986706,"1,438"
48.705671,-112.990502,"12,927"
46.380624,-109.174586,"1,034"
46.395955,-113.427356,"3,225"
48.631959,-110.106321,"14,582"
46.124246,-112.059424,"11,920"
47.032558,-110.30532,"2,842"
47.642901,-114.083687,"50,937"
47.122034,-112.382924,"65,412"
48.559654,-111.036924,"2,000"
48.552385,-115.463185,"33,253"
47.629628,-105.757222,"2,434"
45.325278,-111.913781,"8,652"
46.5857,-110.92174,"2,211"
47.154909,-115.064849,"4,213"
47.027263,-113.892681,"114,189"
46.505281,-108.439763,"6,298"
45.421905,-110.532798,"19,216"
47.141917,-108.226575,564
48.250143,-107.928897,"4,961"
48.230312,-112.219928,"5,598"
45.408926,-105.555344,"2,481"
46.844225,-112.9311,"5,380"
46.812384,-105.503994,"1,718"
46.079298,-114.119065,"44,227"
47.785513,-104.563387,"25,620"
48.282747,-104.99517,"18,450"
46.17336,-106.66641,"11,382"
47.7565,-115.180295,"14,714"
48.705523,-104.533913,"14,518"
45.895959,-112.660222,"31,630"
45.658903,-109.382098,"10,819"
45.811292,-109.944796,"4,173"
47.819035,-112.281725,"6,386"
48.645052,-111.733493,"6,395"
46.209558,-107.280369,"1,546"
48.34985,-106.670424,"17,852"
46.497047,-109.857147,"2,155"
46.962966,-104.274518,"3,080"
45.936987,-108.276656,"154,016"
40.520632,-98.500044,"91,544"
42.183225,-98.058037,"25,244"
41.571944,-101.695898,"1,413"
41.53975,-103.726263,"2,311"
41.92523,-99.990771,"2,192"
41.703934,-98.070476,"19,496"
42.21038,-103.081779,"27,855"
42.894448,-98.773022,"6,160"
42.359562,-99.92392,"10,423"
40.855226,-99.074983,"154,557"
41.854179,-96.337746,"24,613"
41.226072,-97.132039,"26,617"
40.909878,-96.140609,"71,059"
42.604511,-97.256824,"35,578"
40.53039,-101.694192,"12,973"
42.571323,-101.047653,"22,629"
41.214236,-103.011929,"20,716"
40.523669,-98.05105,"23,514"
41.57496,-97.088945,"31,086"
41.915865,-96.788517,"33,833"
41.393893,-99.726866,"37,263"
42.391645,-96.561356,"61,153"
42.711214,-103.134872,"26,952"
40.867378,-99.815154,"78,774"
41.111903,-102.332609,"5,057"
42.48528,-96.855862,"21,909"
41.577008,-96.645853,"98,807"
41.297091,-96.154066,"1,327,852"
40.180165,-101.681133,"6,799"
40.52504,-97.596705,"27,098"
40.183203,-98.96208,"12,033"
40.530947,-100.406683,"8,776"
40.191865,-99.909663,"11,204"
40.255234,-96.683453,"91,555"
41.633364,-102.302985,"6,819"
41.906868,-98.951231,"6,619"
40.509095,-99.823206,"6,575"
41.913957,-101.755965,"2,632"
41.567571,-98.530565,"8,678"
40.866027,-98.502664,"151,293"
40.872817,-98.022329,"33,150"
40.178766,-99.403418,"12,326"
40.537234,-101.047963,"3,279"
40.176896,-101.044217,"9,491"
42.459287,-98.784766,"29,545"
41.9187,-101.11681,"2,510"
41.216851,-98.513342,"23,860"
40.175736,-97.143103,"36,763"
40.39501,-96.265367,"13,428"
40.50912,-98.947602,"23,647"
41.194245,-101.644449,"25,537"
42.87548,-99.718351,"2,101"
41.199274,-103.703153,"7,571"
42.634404,-97.891349,"30,066"
40.783547,-96.688658,"868,653"
41.050322,-100.744481,"101,172"
41.542155,-100.443665,"3,052"
41.897665,-99.509776,"2,127"
41.648414,-101.120851,"1,624"
41.909929,-97.606856,"141,669"
41.169801,-98.031051,"29,081"
41.732204,-102.990594,"14,528"
41.402385,-97.991408,"12,792"
40.385236,-95.853056,"21,236"
40.176492,-98.046842,"15,136"
40.637992,-96.131027,"45,196"
40.13785,-96.245225,"8,903"
40.857646,-101.627468,"8,231"
40.516365,-99.406557,"31,257"
42.271413,-97.610992,"28,215"
41.576866,-97.513467,"123,311"
41.187925,-97.570663,"17,349"
40.16942,-100.468576,"28,075"
40.123743,-95.718603,"25,767"
42.394749,-99.420851,"4,248"
40.516802,-97.131755,"67,354"
41.115064,-96.109125,"381,985"
41.223152,-96.640923,"58,587"
41.850331,-103.701549,"98,663"
40.871944,-97.140383,"50,538"
42.512289,-102.36828,"18,931"
41.218743,-98.972849,"12,019"
42.470612,-103.732111,"4,920"
41.905045,-97.177109,"23,752"
40.173845,-97.596263,"30,717"
41.84862,-100.506911,"2,567"
42.154061,-96.533943,"20,225"
41.564094,-98.983484,"15,852"
41.533973,-96.224577,"59,845"
42.210746,-97.126243,"25,639"
40.180646,-98.49859,"12,931"
41.922578,-98.520851,"3,390"
40.873056,-97.596742,"59,094"
39.53771,-118.264165,"24,313"
36.214257,-115.013812,"4,241,125"
38.905129,-119.609019,"70,887"
41.141133,-115.351424,"52,368"
37.778966,-117.632382,"1,164"
39.977788,-116.272208,"2,173"
41.407914,-118.127591,"16,596"
39.90021,-117.04724,"5,471"
37.634605,-114.863037,"12,719"
39.022213,-119.197425,"44,258"
38.516647,-118.416279,"5,116"
37.965864,-116.459011,"69,108"
40.439639,-118.409477,"5,306"
39.438385,-119.524646,"4,200"
40.734015,-119.662272,"429,457"
39.418234,-114.900605,"16,489"
39.15306,-119.747379,"44,078"
43.519109,-71.425366,"45,918"
43.867774,-71.20156,"38,356"
42.925455,-72.248217,"55,326"
44.652548,-71.289431,"22,747"
43.926439,-71.842422,"56,448"
42.911532,-71.723055,"299,038"
43.299579,-71.680041,"102,501"
42.988599,-71.099072,"240,740"
43.293272,-71.035589,"84,309"
43.361188,-72.222084,"31,056"
39.469354,-74.633758,"288,785"
40.959698,-74.074727,"374,601"
39.875786,-74.663006,"523,179"
39.802352,-74.961251,"536,294"
39.086142,-74.847716,"117,259"
39.328434,-75.121628,"167,355"
40.7874,-74.246292,"686,130"
39.722875,-75.145679,"336,257"
40.731375,-74.078601,"502,771"
40.565283,-74.911969,"166,444"
40.282503,-74.703724,"359,282"
40.439613,-74.407579,"743,386"
40.287048,-74.152446,"799,736"
40.858581,-74.547427,"580,697"
39.865669,-74.258864,"751,291"
41.03789,-74.29828,"424,097"
39.573828,-75.357356,"79,793"
40.565527,-74.619938,"349,596"
41.137461,-74.691914,"195,133"
40.659871,-74.308696,"449,124"
40.853491,-75.009498,"135,582"
35.054002,-106.669064,"838,085"
33.901858,-108.392088,"5,186"
33.361604,-104.469837,"144,510"
34.93205,-108.000374,"28,850"
36.612962,-104.640126,"16,842"
34.572984,-103.346055,"114,722"
34.359273,-104.368696,"2,082"
32.350912,-106.832182,"287,640"
32.457835,-104.306434,"145,601"
32.732087,-108.381504,"43,698"
34.869782,-104.784968,"4,032"
35.85958,-103.851495,736
31.898052,-108.751929,"6,755"
32.795687,-103.413271,"154,376"
33.740941,-105.449083,"28,828"
35.870047,-106.307968,"24,009"
32.184523,-107.747191,"31,164"
35.583878,-108.253266,"34,666"
35.982841,-104.921898,"3,492"
32.588776,-105.781079,"87,362"
35.107018,-103.548071,"18,846"
36.509669,-106.693983,"37,899"
34.021457,-103.482725,"51,411"
35.685091,-106.883119,"181,290"
36.511624,-108.324578,"145,026"
35.476859,-104.803519,"33,434"
35.514324,-105.965771,"184,850"
33.119461,-107.188153,"17,013"
33.991658,-106.939136,"14,481"
36.576529,-105.637986,"33,087"
34.554979,-105.890558,"18,207"
36.488085,-103.475723,"5,859"
34.71684,-106.806582,"97,293"
42.58824,-73.97401,"140,940"
42.247853,-78.026153,"18,416"
40.848711,-73.852939,"651,179"
42.161977,-75.830283,"41,998"
42.239099,-78.662332,"15,607"
43.008546,-76.574587,"17,760"
42.304216,-79.407595,"24,026"
42.15528,-76.747179,"18,398"
42.478024,-75.602241,"11,352"
44.752712,-73.705643,"18,716"
42.247729,-73.626806,"16,413"
42.594039,-76.07624,"9,586"
42.193986,-74.966728,"10,503"
41.75477,-73.740041,"63,306"
42.752759,-78.778192,"166,994"
44.109601,-73.778431,"8,101"
44.594376,-74.31067,"10,211"
43.115609,-74.423678,"14,286"
43.00091,-78.192778,"12,565"
42.28697,-74.149542,"9,949"
43.657879,-74.502456,613
43.571009,-74.841097,"13,312"
43.996389,-76.052968,"22,920"
40.635045,-73.95064,"1,257,972"
43.782681,-75.44414,"5,817"
42.727485,-77.769779,"11,933"
42.910026,-75.663575,"14,892"
43.464475,-77.664656,"163,068"
42.900891,-74.435357,"12,425"
40.729612,-73.589414,"1,074,068"
40.776642,-73.970187,"406,959"
43.456731,-78.792142,"43,762"
43.242727,-75.434282,"50,724"
43.006516,-76.196134,"97,675"
42.856357,-77.303497,"24,283"
41.40241,-74.306252,"71,450"
43.502287,-78.229726,"8,834"
43.461443,-76.209262,"27,814"
42.629776,-75.028841,"13,813"
41.427904,-73.743882,"24,137"
40.658566,-73.838017,"1,170,750"
42.710421,-73.513845,"37,051"
40.561263,-74.1399,"158,833"
41.154639,-74.024645,"123,569"
44.488112,-75.074311,"42,214"
43.106135,-73.855387,"111,148"
42.817539,-74.043548,"66,380"
42.591294,-74.438172,"13,624"
42.419776,-76.938603,"8,221"
42.782294,-76.827088,"16,075"
42.266725,-77.385525,"42,429"
40.943554,-72.692218,"2,570,587"
41.719993,-74.771577,"33,667"
42.178057,-76.297456,"22,401"
42.453006,-76.473483,"37,768"
41.947212,-74.265458,"73,062"
43.555105,-73.838139,"32,513"
43.312377,-73.439428,"30,481"
43.458758,-77.063164,"43,318"
41.15277,-73.745912,"734,767"
42.701363,-78.228567,"15,989"
42.638237,-77.104324,"11,260"
36.043954,-79.400573,"292,639"
35.920951,-81.177467,"73,702"
36.489356,-81.132299,"22,452"
34.974996,-80.109959,"52,538"
36.443469,-81.499334,"49,578"
36.07209,-81.920285,"28,268"
35.482313,-76.842014,"101,667"
36.059043,-76.962364,"41,236"
34.591938,-78.539489,"81,302"
34.038754,-78.227765,"274,984"
35.609371,-82.530426,"418,053"
35.746182,-81.70618,"175,632"
35.388369,-80.552694,"358,067"
35.957915,-81.530002,"162,961"
36.342344,-76.162488,"23,617"
34.858343,-76.53586,"160,468"
36.394298,-79.339609,"49,722"
35.661883,-81.214906,"308,719"
35.704994,-79.251454,"134,653"
35.136232,-84.061309,"73,347"
36.128979,-76.602752,"31,787"
35.052997,-83.752264,"34,143"
35.33463,-81.557114,"207,169"
34.261602,-78.639308,"125,269"
35.116829,-77.08132,"231,048"
35.050192,-78.828719,"672,211"
36.372174,-75.941224,"58,189"
35.606269,-75.767536,"76,747"
35.795131,-80.207107,"361,963"
35.929355,-80.542552,"87,254"
34.934403,-77.933543,"130,016"
36.033822,-78.87812,"493,072"
35.917051,-77.602662,"131,937"
36.132466,-80.256961,"680,037"
36.088241,-78.28309,"129,813"
35.293344,-81.177256,"430,202"
36.442135,-76.702355,"26,853"
35.348364,-83.830915,"23,107"
36.299884,-78.657634,"113,665"
35.481959,-77.681688,"47,316"
36.079065,-79.788665,"926,705"
36.251438,-77.644842,"125,045"
35.368635,-78.87161,"240,639"
35.557099,-82.972823,"176,228"
35.336415,-82.479741,"204,082"
36.363517,-76.981616,"49,155"
35.017233,-79.241964,"103,964"
35.408157,-76.153687,"9,093"
35.806355,-80.874539,"338,293"
35.279929,-83.122478,"115,350"
35.5134,-78.367311,"356,731"
35.032268,-77.356195,"24,619"
35.476336,-79.172117,"106,961"
35.240068,-77.63551,"142,209"
35.488491,-81.226892,"176,613"
35.682232,-82.048029,"89,883"
35.152959,-83.421901,"112,160"
35.864078,-82.712731,"53,044"
35.847301,-77.119602,"50,182"
35.246862,-80.833832,"1,674,477"
36.013102,-82.163554,"27,637"
35.334415,-79.906602,"58,049"
35.308272,-79.492725,"203,911"
35.965945,-77.987555,"231,042"
34.177875,-77.869674,"428,483"
36.421774,-77.398352,"51,433"
34.763109,-77.499469,"312,004"
36.062526,-79.120034,"236,491"
35.147575,-76.665268,"28,835"
36.265184,-76.260696,"82,476"
34.512556,-77.888106,"112,934"
36.180897,-76.403244,"33,434"
36.386336,-78.965644,"83,215"
35.592965,-77.373138,"413,042"
35.277901,-82.167621,"45,606"
35.709915,-79.806215,"273,362"
35.004636,-79.755695,"102,288"
34.63921,-79.100881,"271,765"
36.381806,-79.782754,"189,049"
35.641329,-80.521722,"273,771"
35.402747,-81.919582,"144,393"
34.989298,-78.371174,"139,153"
34.840023,-79.477337,"73,418"
35.310449,-80.254374,"138,241"
36.393506,-80.266199,"101,868"
36.415416,-80.686463,"155,322"
35.568849,-83.465614,"37,886"
35.210079,-82.816653,"62,562"
35.87042,-76.165345,"7,735"
34.991817,-80.530435,"417,704"
36.365481,-78.405434,"84,620"
35.789846,-78.650624,"1,595,882"
36.398105,-78.099899,"42,921"
35.844713,-76.572291,"27,423"
36.235372,-81.709923,"74,447"
35.35419,-78.00867,"255,647"
36.208883,-81.166095,"146,731"
35.700357,-77.921598,"202,435"
36.158765,-80.665164,"84,931"
35.889455,-82.304119,"31,724"
46.096815,-102.533198,"7,018"
46.94255,-98.070195,"35,749"
48.071743,-99.351152,"21,955"
47.007044,-103.364016,"3,111"
48.794412,-100.831257,"27,690"
46.110144,-103.505943,"8,375"
48.786453,-102.520087,"7,268"
46.971843,-100.462001,"194,155"
46.927003,-97.252375,"400,185"
48.768439,-98.46379,"14,446"
46.107756,-98.496518,"17,664"
48.814754,-103.509326,"7,713"
47.354548,-102.612366,"12,374"
47.723436,-98.900474,"7,166"
46.284255,-100.237842,"10,082"
47.471431,-98.872876,"11,110"
46.938924,-103.844612,"4,261"
47.926003,-97.450851,"232,619"
46.357827,-101.639049,"7,652"
47.456334,-98.232286,"10,450"
46.435704,-102.454238,"6,851"
46.938273,-99.731198,"7,342"
46.464195,-98.526057,"15,888"
46.469278,-99.504585,"6,781"
48.233842,-100.633267,"20,807"
46.117034,-99.443041,"9,640"
47.742475,-103.403215,"25,085"
47.653055,-101.421794,"28,513"
47.307147,-101.833328,"27,367"
46.710819,-101.298265,"68,400"
48.210291,-102.364756,"24,726"
47.918667,-98.204428,"15,483"
47.118079,-101.33142,"5,547"
48.766896,-97.545405,"30,525"
48.238883,-99.966497,"18,404"
48.266163,-98.739031,"33,101"
46.449276,-97.647554,"18,904"
48.712781,-101.658152,"7,931"
46.265219,-96.93796,"48,987"
48.768271,-99.840463,"50,262"
46.108206,-97.63003,"14,933"
47.581359,-100.330986,"5,677"
46.110618,-101.061284,"7,755"
46.445834,-103.462462,"2,137"
46.817031,-102.662026,"68,188"
47.451062,-97.71892,"9,827"
46.972223,-98.956123,"53,736"
48.682183,-99.248158,"9,929"
47.446215,-97.164754,"38,314"
48.376979,-97.72223,"48,348"
48.216686,-101.540537,"179,172"
47.580881,-99.682254,"17,025"
48.355765,-103.501333,"71,886"
38.834468,-83.478082,"89,023"
40.771627,-84.106103,"260,916"
40.843273,-82.270127,"131,837"
41.906637,-80.745592,"211,445"
39.332604,-82.045844,"157,763"
40.561309,-84.224018,"128,556"
40.017682,-80.967727,"201,070"
38.931377,-83.866772,"148,139"
39.439747,-84.565734,"981,464"
40.579884,-81.090787,"78,564"
40.132759,-83.767542,"112,635"
39.917032,-83.783676,"328,814"
39.052084,-84.149614,"580,820"
39.429004,-83.795048,"120,775"
40.770073,-80.778455,"288,132"
40.29671,-81.930109,"92,174"
40.848524,-82.924783,"111,235"
41.760392,-81.724217,"2,298,110"
40.131542,-84.621248,"154,833"
41.321679,-84.486433,"107,982"
40.278941,-83.007462,"477,772"
41.554006,-82.525897,"189,422"
39.75262,-82.627329,"383,038"
39.555274,-83.461953,"86,374"
39.969575,-83.006865,"2,816,016"
41.597264,-84.124267,"101,056"
38.817046,-82.301746,"97,380"
41.499322,-81.173505,"228,542"
39.687479,-83.894894,"429,191"
40.056665,-81.497875,"103,308"
39.196927,-84.544187,"2,030,433"
41.000471,-83.666034,"207,106"
40.660415,-83.664077,"79,811"
40.292318,-81.091565,"44,333"
41.331584,-84.0689,"75,912"
39.184422,-83.601359,"131,021"
39.490342,-82.483447,"88,714"
40.565561,-81.929988,"72,522"
41.14508,-82.594641,"147,143"
39.013477,-82.614142,"99,994"
40.399384,-80.763527,"197,556"
40.40362,-82.422393,"150,584"
41.924116,-81.392643,"467,156"
38.603866,-82.517186,"193,145"
40.093609,-82.481251,"438,903"
40.387553,-83.766343,"130,324"
41.438805,-82.179722,"670,919"
41.682321,-83.468903,"900,404"
39.896607,-83.400885,"108,608"
41.01088,-80.770396,"521,600"
40.588034,-83.168803,"159,386"
41.116174,-81.899764,"419,904"
39.089807,-82.028397,"74,524"
40.535333,-84.632059,"116,611"
40.053326,-84.228413,"279,810"
39.726253,-81.090987,"39,098"
39.753736,-84.290591,"1,362,176"
39.624946,-81.861697,"41,329"
40.525266,-82.797729,"99,163"
39.966046,-81.943506,"228,178"
39.767232,-81.452512,"31,479"
41.545495,-83.012613,"104,739"
41.118948,-84.582125,"57,818"
39.743187,-82.237952,"96,939"
39.648947,-83.052827,"138,025"
39.07136,-83.052909,"90,482"
41.168837,-81.197042,"360,020"
39.73881,-84.644758,"128,688"
41.024533,-84.129879,"104,827"
40.774159,-82.542781,"290,559"
39.323818,-83.059581,"222,481"
41.355291,-83.142735,"138,682"
38.814889,-82.998675,"234,673"
41.119992,-83.127547,"143,132"
40.33668,-84.204142,"137,023"
40.814131,-81.365667,"875,185"
41.121851,-81.534936,"1,107,136"
41.305911,-80.768701,"491,112"
40.447448,-81.471157,"237,609"
40.295901,-83.367042,"137,944"
40.85552,-84.585775,"82,676"
39.252014,-82.485961,"41,996"
39.425652,-84.169906,"608,820"
39.450684,-81.490653,"162,276"
40.829661,-81.887194,"255,845"
41.564958,-84.584323,"100,953"
41.360183,-83.622682,"276,478"
40.839782,-83.313681,"62,184"
35.898043,-94.651026,"51,811"
36.729703,-98.323445,"17,759"
34.392469,-96.036558,"45,823"
36.748334,-100.483056,"13,065"
35.270601,-99.690057,"65,671"
35.877782,-98.428934,"32,241"
33.964004,-96.264137,"137,038"
35.16792,-98.381045,"97,059"
35.54341,-97.979844,"336,145"
34.251848,-97.287927,"151,353"
35.904367,-94.996796,"120,614"
34.027645,-95.554208,"51,729"
36.74839,-102.517698,"5,124"
35.206376,-97.323088,"751,927"
34.582861,-96.288039,"19,140"
34.662628,-98.476597,"329,237"
34.290676,-98.373438,"23,134"
36.76389,-95.201553,"43,537"
35.907732,-96.379793,"204,848"
35.645601,-98.997386,"92,333"
36.393375,-94.808217,"143,844"
35.97796,-99.014385,"15,792"
36.224258,-99.750139,"13,911"
36.378273,-97.787729,"189,057"
34.70935,-97.312723,"88,937"
35.021058,-97.88689,"181,973"
36.788254,-97.788151,"16,357"
34.933853,-99.552968,"15,345"
34.745971,-99.844194,"10,303"
36.80035,-99.662805,"7,774"
35.232294,-95.109578,"39,349"
35.052934,-96.251183,"35,478"
34.593949,-99.41221,"81,185"
34.105082,-97.83889,"21,796"
34.313455,-96.654254,"35,143"
36.814885,-97.143862,"141,603"
35.949431,-97.934568,"51,456"
34.921489,-98.981617,"34,276"
34.875137,-95.272262,"33,789"
34.897356,-94.695074,"146,448"
35.703117,-96.881392,"106,606"
35.914151,-97.450764,"128,040"
33.957775,-97.245124,"28,087"
35.016436,-97.449803,"122,322"
34.117073,-94.766086,"110,795"
35.369108,-95.671787,"65,056"
36.313119,-98.542015,"26,240"
34.027007,-96.770533,"51,770"
36.303804,-95.235638,"136,399"
34.485766,-97.071557,"45,645"
35.617551,-95.383911,"199,817"
36.384901,-97.236335,"40,015"
36.789615,-95.613312,"35,252"
35.466804,-96.327762,"33,124"
35.554611,-97.409401,"2,131,967"
35.646879,-95.96458,"117,808"
36.624299,-96.408112,"149,606"
36.835764,-94.802681,"85,792"
36.313704,-96.696669,"50,599"
36.079225,-96.975255,"230,816"
34.92554,-95.74813,"147,004"
34.721445,-96.69197,"116,962"
35.211393,-96.957007,"205,748"
34.377899,-95.408082,"39,856"
35.708554,-99.741572,"11,837"
36.377794,-95.601383,"287,713"
35.158366,-96.602857,"75,214"
35.502435,-94.750757,"125,560"
34.481361,-97.855607,"154,256"
36.746317,-101.483855,"41,644"
34.371085,-98.931701,"26,692"
36.120318,-95.941813,"1,709,852"
35.963479,-95.5141,"220,246"
36.70438,-95.906155,"157,000"
35.289497,-98.991436,"40,944"
36.726984,-98.863649,"27,031"
36.425619,-99.273661,"64,243"
44.703427,-117.691933,"22,493"
44.493882,-123.424664,"95,942"
45.160493,-122.195127,"502,464"
46.024509,-123.705014,"40,405"
45.941932,-123.081079,"57,779"
43.18591,-124.094133,"93,840"
44.163054,-120.371585,"30,676"
42.466439,-124.210929,"36,927"
43.915118,-121.225575,"224,211"
43.286328,-123.154476,"150,580"
45.382955,-120.276246,"2,679"
44.496326,-119.014057,"10,977"
43.064449,-118.987169,"11,376"
45.511775,-121.655976,"29,942"
42.411628,-122.675685,"297,473"
44.645151,-121.178632,"27,953"
42.386981,-123.571626,"121,671"
42.683761,-121.646168,"88,977"
42.788401,-120.38979,"11,533"
43.928329,-122.89769,"519,297"
44.641061,-123.911212,"62,233"
44.488898,-122.537208,"140,289"
43.188082,-117.604045,"41,298"
44.900898,-122.57626,"364,688"
45.425496,-119.602311,"14,232"
45.547693,-122.417173,"830,578"
44.900375,-123.398673,"91,967"
45.399216,-120.678512,"2,804"
45.45589,-123.759299,"33,103"
45.5912,-118.73388,"89,087"
45.304081,-117.999149,"30,861"
45.593753,-117.18558,"10,171"
45.164536,-121.165069,"39,284"
45.553542,-123.097615,"608,651"
44.736415,-120.026861,"2,305"
45.247827,-123.316399,"120,300"
39.869471,-77.21773,"155,117"
40.469757,-79.980451,"2,490,050"
40.81238,-79.464129,"164,008"
40.68414,-80.350721,"379,952"
39.99862,-78.494751,"79,359"
40.413957,-75.92686,"560,786"
40.497922,-78.310636,"155,578"
41.791495,-76.502124,"78,217"
40.336887,-75.10706,"943,723"
40.913847,-79.918978,"465,429"
40.510312,-78.710463,"170,136"
41.438288,-78.198314,"12,882"
40.918366,-75.705039,"107,590"
40.90916,-77.84783,"358,701"
39.973965,-75.749732,"770,254"
41.198159,-79.420369,"53,639"
41.000249,-78.473749,"95,189"
41.245301,-77.649141,"94,193"
41.045517,-76.40426,"99,597"
41.687876,-80.107795,"106,343"
40.164805,-77.263442,"380,096"
40.412565,-76.792634,"416,752"
39.91667,-75.398786,"711,963"
41.427334,-78.653938,"76,149"
42.117952,-80.096386,"292,206"
39.918907,-79.640119,"371,189"
41.513304,-79.249705,"5,314"
39.926685,-77.724497,"484,103"
39.91075,-78.122617,"49,972"
39.847707,-80.225655,"99,105"
40.422311,-77.968595,"65,114"
40.651432,-79.087545,"102,058"
41.138028,-79.012419,"51,589"
40.530673,-77.400438,"35,748"
41.440284,-75.609666,"271,455"
40.041992,-76.250198,"740,182"
40.992735,-80.334446,"259,148"
40.371559,-76.46487,"190,357"
40.614241,-75.590627,"561,085"
41.172787,-75.976035,"434,817"
41.34362,-77.055225,"163,969"
41.81459,-78.572463,"46,942"
41.300014,-80.252786,"295,159"
40.601607,-77.651938,"66,107"
41.05624,-75.329065,"291,617"
40.209999,-75.370201,"1,154,979"
41.029291,-76.665195,"29,514"
40.752791,-75.307447,"447,893"
40.851524,-76.709877,"142,567"
40.39778,-77.266328,"75,112"
40.009376,-75.133346,"1,476,617"
41.325949,-75.031514,"100,461"
41.748587,-77.894436,"21,389"
40.703682,-76.217788,"208,414"
40.755407,-77.072929,"58,523"
39.981297,-79.028486,"106,302"
41.439285,-76.511717,"8,767"
41.819665,-75.800969,"63,843"
41.766859,-77.257288,"48,203"
40.962179,-77.055475,"61,510"
41.40198,-79.754418,"63,798"
41.843669,-79.313173,"45,974"
40.200005,-80.252132,"530,784"
41.647007,-75.293193,"77,845"
40.311068,-79.466688,"912,505"
41.525173,-76.008731,"41,750"
39.921751,-76.728889,"614,734"
41.701614,-71.289286,"36,752"
41.668949,-71.577634,"132,927"
41.502504,-71.283689,"65,666"
41.869765,-71.578626,"396,374"
41.400981,-71.617598,"105,571"
34.213809,-82.46046,"57,106"
33.550013,-81.632983,"328,867"
32.979784,-81.363421,"17,863"
34.521235,-82.638603,"392,615"
33.203021,-81.053161,"31,469"
33.260552,-81.434228,"45,573"
32.358147,-80.68932,"337,091"
33.2077,-79.953655,"374,291"
33.67478,-80.780347,"32,958"
32.800458,-79.94248,"743,550"
35.049796,-81.607647,"119,222"
34.689345,-81.161249,"67,439"
34.637018,-80.159227,"99,706"
33.664682,-80.217889,"78,059"
32.835018,-80.655244,"83,498"
34.332185,-79.962115,"152,682"
34.390172,-79.374964,"66,146"
33.082186,-80.404697,"262,817"
33.776498,-81.968245,"49,303"
34.395669,-81.127001,"46,981"
34.028535,-79.710233,"294,899"
33.417531,-79.296333,"147,445"
34.892645,-82.372077,"887,983"
34.155796,-82.127876,"147,553"
32.778335,-81.143817,"40,663"
33.909269,-78.976675,"603,616"
32.43059,-81.021627,"46,544"
34.338356,-80.590885,"149,086"
34.686818,-80.703688,"147,964"
34.483678,-82.005489,"139,496"
34.15864,-80.251209,"38,242"
33.892589,-81.272831,"555,715"
33.897605,-82.316192,"20,045"
34.08362,-79.354001,"69,402"
34.601805,-79.677942,"52,547"
34.28973,-81.600053,"78,260"
34.748771,-83.061543,"176,136"
33.436135,-80.802913,"179,778"
34.88538,-82.723376,"248,555"
34.029095,-80.898037,"718,094"
34.005278,-81.727903,"38,501"
34.93329,-81.99106,"575,954"
33.916253,-80.382288,"238,473"
34.690397,-81.615896,"65,381"
33.626463,-79.716475,"72,845"
34.970188,-81.183187,"497,506"
43.724719,-98.577587,"9,198"
44.418265,-98.279422,"47,034"
43.186912,-101.677181,"7,034"
42.985799,-97.884199,"18,052"
44.376675,-96.797797,"105,540"
45.589254,-98.352175,"105,858"
43.72988,-99.092941,"15,052"
44.044306,-99.203998,"5,628"
44.896226,-103.501436,"22,996"
45.785575,-100.002107,"4,234"
43.206185,-98.595143,"23,621"
44.855211,-97.724912,"10,000"
42.91615,-96.980468,"36,886"
44.966285,-97.198837,"83,048"
45.685671,-101.179665,"6,944"
43.684943,-103.46225,"27,314"
43.680439,-98.155868,"55,205"
45.355034,-97.58143,"19,068"
44.75629,-96.690239,"13,324"
45.148049,-100.837953,"9,775"
43.391506,-98.358433,"9,606"
45.41168,-99.205362,"13,948"
43.221619,-103.512609,"22,816"
45.065476,-99.153564,"7,630"
45.172637,-96.772261,"23,888"
43.179098,-99.202153,"14,432"
44.282885,-101.59546,"5,821"
44.680619,-97.178598,"17,064"
44.546713,-99.004575,"10,856"
43.680612,-97.796845,"8,854"
45.596612,-103.473867,"2,603"
44.384452,-99.975684,"47,996"
43.33671,-97.749383,"21,628"
44.537301,-99.492148,"4,232"
43.677506,-101.626323,"6,958"
44.06341,-98.62317,"6,617"
43.95199,-100.686139,"2,639"
44.362969,-97.499313,"17,145"
44.02845,-97.123223,"43,204"
44.348583,-103.805817,"63,889"
43.27942,-96.722286,"123,154"
43.894812,-99.841925,"9,947"
43.678924,-97.362036,"16,380"
45.784249,-99.211421,"6,324"
45.737044,-97.58087,"13,208"
44.605282,-102.714169,"60,515"
43.58469,-100.760955,"5,213"
44.021541,-97.608122,"7,623"
43.667472,-96.795726,"386,747"
44.012429,-96.676054,"23,277"
43.33363,-102.561699,"21,693"
44.002349,-102.823801,"219,686"
45.483387,-102.467995,"7,059"
45.052713,-99.962003,"6,339"
45.623397,-96.947551,"30,385"
44.021032,-98.092105,"8,729"
44.923772,-98.339615,"19,216"
44.415547,-100.749163,"8,216"
44.722325,-100.131399,"4,280"
43.208794,-100.707664,"20,742"
43.349729,-99.876219,"18,243"
43.30867,-97.150185,"26,055"
42.831106,-96.650829,"49,653"
45.427605,-100.027856,"12,511"
43.006607,-97.388339,"50,762"
44.989764,-101.660827,"5,252"
36.116731,-84.195418,"233,166"
35.51366,-86.458294,"152,653"
36.069253,-88.071212,"51,070"
35.593668,-85.205979,"39,097"
35.688185,-83.922973,"410,518"
35.153914,-84.859414,"349,866"
36.401592,-84.159249,"117,976"
35.808394,-86.062404,"48,921"
35.965918,-88.452298,"90,019"
36.284744,-82.126593,"173,000"
36.255169,-87.100808,"134,389"
35.420253,-88.611353,"55,366"
36.501542,-83.660722,"89,098"
36.545788,-85.545816,"24,216"
35.916198,-83.119224,"114,421"
35.488759,-86.078219,"187,256"
35.818795,-89.132494,"47,014"
35.952398,-84.994761,"169,556"
36.169129,-86.78479,"1,976,571"
35.603136,-88.110292,"33,897"
35.982219,-85.833596,"56,555"
36.145533,-87.364155,"156,175"
36.052831,-89.40359,"128,616"
35.196993,-89.413803,"139,647"
36.369888,-84.937764,"51,593"
35.155926,-86.099203,"140,559"
35.991637,-88.93381,"163,701"
35.202723,-87.035319,"93,436"
36.277463,-83.509493,"76,956"
36.179514,-82.847485,"219,546"
35.393356,-85.710389,"38,158"
36.218397,-83.266071,"208,801"
35.160762,-85.197711,"1,103,686"
36.521419,-83.227453,"19,640"
35.218785,-88.988697,"71,164"
35.201893,-88.185696,"73,014"
36.452211,-82.931386,"179,959"
35.58669,-89.282536,"54,372"
35.653994,-88.387674,"82,710"
36.325295,-88.300288,"109,495"
35.802291,-87.467101,"79,372"
36.285782,-87.705598,"27,905"
36.040822,-87.790453,"52,277"
36.354241,-85.674094,"36,219"
36.048479,-83.440966,"161,890"
36.453203,-81.861247,"42,961"
35.992726,-83.937721,"1,371,295"
36.333905,-89.485536,"16,522"
35.762951,-89.627732,"77,740"
35.220476,-87.396546,"136,491"
35.523244,-87.496983,"36,791"
35.142916,-86.593298,"112,262"
35.73745,-84.316204,"176,685"
35.424471,-84.619962,"166,516"
35.175228,-88.563629,"76,831"
36.537757,-86.00096,"72,075"
35.606056,-88.833424,"326,465"
35.133422,-85.618399,"92,562"
35.468343,-86.765865,"104,387"
35.615696,-87.077763,"286,198"
35.512203,-84.816102,"42,619"
35.447818,-84.249705,"151,783"
36.500354,-87.380887,"606,886"
35.288888,-86.358684,"22,752"
36.138697,-84.639262,"55,317"
36.358171,-89.149879,"105,200"
36.34485,-85.283076,"68,996"
35.663749,-87.869329,"25,279"
36.559364,-85.075741,"16,933"
35.109437,-84.541112,"57,125"
36.14094,-85.49618,"222,330"
35.600587,-84.949552,"108,112"
35.847249,-84.523942,"175,568"
36.52753,-86.869377,"227,153"
35.843369,-86.417213,"898,600"
36.435276,-84.503528,"51,439"
35.372358,-85.410322,"45,294"
35.80181,-83.515696,"290,868"
35.183794,-89.895397,"2,759,917"
36.25565,-85.942078,"64,231"
36.458464,-87.811889,"51,331"
36.510213,-82.299396,"561,583"
36.473443,-86.459798,"557,171"
35.500259,-89.766803,"172,724"
36.39303,-86.156691,"25,450"
36.100126,-82.418214,"49,196"
36.28414,-83.836088,"61,007"
35.699234,-85.458409,"16,450"
35.67825,-85.777343,"122,673"
36.295665,-82.495037,"417,352"
35.242847,-87.819843,"46,703"
36.303386,-88.720803,"111,233"
35.927049,-85.455785,"70,175"
35.894845,-86.897886,"658,448"
36.148476,-86.29021,"426,246"
31.841261,-95.661726,"116,862"
32.312258,-102.640206,"37,331"
31.251951,-94.611056,"199,792"
28.104225,-96.977983,"67,687"
33.616305,-98.687267,"24,692"
34.964179,-101.356636,"3,921"
28.891408,-98.535381,"107,574"
29.891901,-96.27017,"85,444"
34.067521,-102.830345,"16,281"
29.756389,-99.248285,"56,945"
30.100771,-97.310643,"174,061"
33.618802,-99.208189,"10,617"
28.416077,-97.742586,"61,648"
31.042312,-97.481404,"724,737"
29.448671,-98.520147,"3,815,856"
30.266456,-98.399217,"27,423"
32.73859,-101.439199,"1,847"
31.900819,-97.637641,"47,237"
33.446062,-94.422393,"272,766"
29.167817,-95.434647,"801,629"
30.656713,-96.302394,"418,360"
29.808997,-103.252458,"19,310"
34.525172,-101.205893,"3,552"
27.034994,-98.215276,"13,751"
31.764103,-98.99847,"87,353"
30.493487,-96.622091,"38,464"
30.78963,-98.201187,"112,240"
29.832399,-97.628141,"86,780"
28.441719,-96.579574,"50,769"
32.29315,-99.372249,"33,481"
26.102923,-97.478958,"750,221"
32.974581,-94.979085,"39,409"
35.405496,-101.355356,"16,218"
33.083698,-94.357579,"100,913"
34.533621,-102.258786,"16,484"
29.696374,-94.669445,"90,077"
31.843872,-95.156345,"118,049"
34.529337,-100.208336,"11,882"
33.785904,-98.212917,"29,382"
33.60844,-102.830449,"6,290"
31.877105,-100.635236,"10,333"
31.914205,-99.346622,"19,723"
33.194737,-96.579707,"2,159,049"
34.963358,-100.272135,"6,431"
29.596296,-96.508935,"54,785"
29.805491,-98.260544,"322,052"
31.951645,-98.549617,"34,014"
31.318865,-99.863648,"4,781"
33.639196,-97.210343,"103,271"
31.391177,-97.798022,"143,474"
34.091906,-100.276442,"3,655"
31.422796,-102.487774,"10,181"
30.717532,-101.404211,"8,374"
33.609144,-101.29871,"13,280"
31.445908,-104.526945,"4,255"
36.28637,-102.59402,"15,040"
32.766987,-96.778424,"5,432,168"
32.741934,-101.947322,"27,554"
34.940766,-102.607564,"39,763"
33.385933,-95.67335,"12,910"
33.205132,-97.12114,"1,820,340"
29.082346,-97.361654,"47,561"
33.615363,-100.787617,"4,298"
28.423587,-99.765871,"22,114"
34.955036,-100.815846,"7,431"
27.681123,-98.497393,"25,648"
32.324645,-98.83656,"40,382"
31.865301,-102.542507,"341,657"
29.985877,-100.307373,"4,174"
32.346878,-96.79694,"402,273"
31.766403,-106.24139,"954,038"
32.238136,-98.222377,"84,841"
31.25193,-96.934127,"34,879"
33.591161,-96.104988,"81,855"
29.877886,-96.921231,"57,878"
32.740473,-100.40312,"10,214"
34.07373,-101.303274,"16,204"
33.963306,-99.816828,"2,838"
29.526602,-95.771015,"1,564,713"
33.175846,-95.219066,"34,969"
31.70126,-96.144487,"49,789"
28.869334,-99.108788,"32,201"
32.743942,-102.631561,"47,675"
29.228366,-94.895426,"780,812"
33.183792,-101.301134,"11,178"
30.325088,-98.941851,"56,155"
31.868006,-101.521494,"3,304"
28.6607,-97.430415,"19,179"
29.461917,-97.491861,"43,736"
35.402542,-100.812374,"52,860"
33.624524,-96.675693,"312,784"
32.486397,-94.816276,"333,162"
30.543231,-95.988082,"65,614"
29.583532,-97.946771,"318,824"
34.068436,-101.822888,"71,985"
34.453189,-100.576343,"7,362"
31.707342,-98.111756,"20,071"
36.272847,-101.35693,"13,041"
34.289904,-99.745697,"8,630"
30.329648,-94.393178,"129,177"
29.857273,-95.393037,"9,675,224"
32.547991,-94.374434,"201,931"
35.840244,-102.610047,"12,316"
33.175965,-99.730773,"13,098"
30.061225,-98.029267,"392,710"
35.815956,-100.27921,"10,271"
32.211633,-95.853418,"220,302"
26.396384,-98.18099,"1,406,542"
31.982681,-97.130668,"85,606"
33.605932,-102.343398,"55,101"
32.430149,-97.831677,"139,548"
33.148959,-95.565194,"112,287"
31.323036,-95.4216,"54,417"
32.303471,-101.438772,"73,466"
31.450868,-105.377549,"5,474"
33.123292,-96.084202,"220,396"
35.837047,-101.362746,"53,111"
31.303424,-100.981304,"4,107"
33.232093,-98.171609,"21,596"
28.959802,-96.58908,"35,413"
30.752932,-94.022294,"78,772"
30.621957,-104.191304,"4,989"
29.854,-94.149331,"488,795"
27.041212,-98.700127,"8,613"
27.733516,-98.090814,"97,524"
32.379821,-97.364959,"373,872"
32.743709,-99.87443,"36,141"
28.908996,-97.852205,"27,997"
32.598944,-96.288378,"272,755"
29.943525,-98.709269,"89,220"
26.890213,-97.591143,"1,110"
33.18478,-100.76972,"1,918"
30.059953,-99.353339,"116,937"
30.479472,-99.746396,"14,309"
33.614268,-100.245345,482
29.347086,-100.4177,"6,785"
27.438735,-97.66062,"72,968"
33.616657,-99.747112,"7,278"
33.667263,-95.570348,"125,505"
34.068861,-102.348018,"31,013"
31.196731,-98.240889,"50,115"
28.351098,-99.096774,"12,653"
29.382578,-96.923633,"49,327"
30.321078,-96.976321,"40,119"
31.300493,-95.995622,"43,525"
30.158451,-94.844078,"172,862"
31.547543,-96.593623,"52,161"
36.2802,-100.272683,"8,458"
28.351535,-98.126961,"25,577"
30.707584,-98.68469,"57,477"
31.844936,-103.561229,210
33.611469,-101.819944,"772,796"
33.178412,-101.818493,"14,497"
31.205477,-99.359856,"18,765"
31.549493,-97.201472,"548,702"
28.384922,-98.578853,"1,432"
30.966878,-95.930372,"24,589"
32.798182,-94.356853,"36,607"
32.30983,-101.961836,"12,031"
30.703229,-99.237613,"10,392"
28.77476,-96.001532,"93,223"
28.729787,-100.316678,"105,023"
29.353661,-99.111085,"104,514"
30.884392,-99.853962,"5,711"
31.870896,-102.024326,"384,655"
30.791242,-96.984395,"60,899"
31.494888,-98.594623,"11,558"
32.304117,-100.924392,"17,309"
33.678356,-97.725014,"54,546"
30.300611,-95.494719,"1,287,948"
35.835676,-101.890502,"45,447"
33.116466,-94.731265,"43,722"
34.057899,-100.793152,"2,214"
31.62056,-94.62025,"146,794"
32.048448,-96.476909,"116,104"
30.786718,-93.73925,"29,125"
32.312338,-100.418108,"35,345"
27.738737,-97.51866,"850,831"
36.278744,-100.815864,"24,609"
35.401921,-102.59762,"4,396"
30.122323,-93.8941,"192,266"
32.752204,-98.317967,"63,845"
32.163978,-94.305156,"76,982"
32.777096,-97.805905,"319,179"
34.532163,-102.784853,"21,645"
30.770894,-102.71986,"26,030"
30.784553,-94.837338,"108,342"
35.398675,-101.893804,"249,151"
30.005891,-104.261619,"12,626"
32.87058,-95.79544,"30,194"
34.962529,-101.895547,"315,262"
31.375191,-101.514395,"8,817"
29.830097,-99.812549,"7,163"
33.619625,-95.048429,"33,348"
31.308366,-103.712706,"20,599"
28.312716,-97.161366,"19,413"
35.836216,-100.807555,"2,564"
31.025481,-96.514941,"42,698"
32.898677,-96.404402,"229,989"
31.845112,-99.982715,"23,184"
32.109423,-94.756382,"153,191"
31.3433,-93.851913,"22,977"
31.382449,-94.16318,"20,731"
30.574388,-95.163136,"60,970"
28.011794,-97.517157,"170,054"
31.155138,-98.819292,"12,122"
30.896233,-100.527216,"7,747"
32.744353,-100.913346,"38,928"
32.74382,-99.347005,"8,713"
31.790139,-94.142579,"83,430"
36.278593,-101.899265,"6,977"
32.375106,-95.268743,"503,168"
32.218071,-97.769217,"21,275"
26.530903,-98.740235,"105,614"
32.736306,-98.836119,"22,360"
31.835773,-101.054911,"3,203"
33.17958,-100.253807,"3,151"
30.51768,-100.50527,"9,919"
34.526319,-101.743862,"16,559"
32.772119,-97.291224,"4,479,565"
32.297327,-99.890179,"276,518"
30.232343,-102.072513,"2,117"
33.171229,-102.339284,"25,223"
33.170695,-99.205796,"4,613"
33.214599,-94.966783,"94,081"
31.398823,-100.463788,"233,678"
30.239513,-97.69127,"2,237,957"
31.096675,-95.151687,"32,620"
30.769295,-94.375656,"49,189"
32.735349,-94.941184,"121,595"
31.353816,-102.041546,"8,871"
29.350308,-99.768427,"52,767"
29.875285,-101.143324,"93,366"
32.558787,-95.836906,"134,933"
28.79637,-96.971198,"213,449"
30.743163,-95.569825,"112,456"
30.013578,-95.982102,"88,459"
31.513069,-103.105113,"24,120"
30.215075,-96.410272,"83,283"
27.760799,-99.340752,"484,709"
29.27848,-96.229674,"108,159"
35.392593,-100.253107,"16,455"
33.991103,-98.716851,"296,816"
34.08492,-99.24244,"31,699"
26.480381,-97.583256,"41,653"
30.64903,-97.605069,"982,691"
29.173883,-98.086734,"110,173"
31.831415,-103.055986,"15,148"
33.219095,-97.653997,"165,378"
32.783588,-95.382166,"115,080"
33.162398,-102.832242,"18,901"
33.158788,-98.678281,"48,650"
26.996981,-99.182603,"30,868"
28.864652,-99.75983,"22,240"
38.357535,-113.238948,"5,853"
41.621883,-113.043653,"43,006"
41.734168,-111.744568,"85,600"
39.673284,-110.588484,"19,190"
40.890099,-109.505785,572
41.037559,-112.201943,"275,028"
40.289649,-110.42983,"20,147"
39.009025,-110.7211,"9,351"
37.831664,-111.450908,"4,521"
38.974326,-109.57345,"9,711"
37.909304,-113.30674,"35,631"
39.71412,-112.790471,"8,378"
37.275089,-111.815329,"7,945"
39.094535,-113.525009,"10,869"
41.091027,-111.577885,"8,754"
38.335881,-112.129375,"1,338"
41.627598,-111.240227,"1,759"
40.667883,-111.92424,"909,296"
37.602633,-109.791574,"9,856"
39.382531,-111.572883,"20,679"
38.746824,-111.81193,"17,477"
40.87206,-110.968486,"40,461"
40.467753,-113.123979,"52,604"
40.125887,-109.517748,"35,126"
40.120425,-111.668508,"430,573"
40.334884,-111.161568,"23,616"
37.262531,-113.4878,"174,028"
38.25984,-110.990877,"2,871"
41.270328,-111.876794,"197,990"
44.031248,-73.141581,"26,411"
43.035325,-73.11146,"27,631"
44.468791,-72.112168,"20,467"
44.463329,-73.06941,"100,529"
44.724021,-71.732736,"4,434"
44.858964,-72.909402,"33,669"
44.801787,-73.300759,"5,583"
44.603704,-72.638922,"16,331"
44.003392,-72.369687,"21,455"
44.828442,-72.25163,"17,722"
43.580858,-73.038202,"44,468"
44.274988,-72.609514,"41,624"
42.995335,-72.721955,"32,102"
43.572685,-72.598821,"41,478"
37.765944,-75.757807,"52,379"
38.024184,-78.553506,"313,939"
37.787905,-80.008669,"33,622"
37.331927,-77.977462,"28,779"
37.62861,-79.154281,"107,084"
37.370725,-78.81094,"53,996"
38.878337,-77.100703,"499,319"
38.171911,-79.147557,"142,753"
38.068368,-79.731203,"9,262"
37.312223,-79.527079,"269,413"
37.130612,-81.125853,"20,037"
37.565481,-79.797553,"69,775"
36.764204,-77.861483,"36,445"
37.26812,-82.038151,"73,762"
37.573928,-78.529169,"54,952"
37.210151,-79.095428,"123,590"
38.030319,-77.352348,"68,797"
36.731928,-80.727865,"96,937"
37.361054,-77.05417,"26,792"
37.009042,-78.658568,"25,828"
37.378434,-77.585847,"656,843"
39.115381,-77.990836,"29,728"
37.473603,-80.231051,"11,339"
38.48593,-77.956476,"93,923"
37.520189,-78.252836,"25,265"
37.137064,-82.34923,"51,154"
37.073498,-77.635492,"62,664"
37.93948,-76.941871,"25,464"
38.82952,-77.273252,"1,796,501"
38.744098,-77.821484,"140,264"
36.931438,-80.350309,"49,335"
37.830571,-78.283479,"91,518"
36.99115,-79.882663,"193,428"
39.203677,-78.263828,"165,211"
37.31193,-80.717207,"56,737"
37.403541,-76.523505,"136,123"
37.718814,-77.917626,"80,835"
36.652229,-81.215324,"48,692"
38.297981,-78.470163,"39,764"
36.680336,-77.560277,"21,718"
36.766461,-78.939614,"83,229"
37.760165,-77.490992,"226,462"
37.43752,-77.300333,"611,098"
36.620607,-79.980673,"187,466"
38.366243,-79.564472,"8,474"
36.901418,-76.707569,"83,613"
37.324837,-76.777888,"138,387"
37.714372,-76.901855,"16,421"
38.277049,-77.162769,"56,447"
37.70826,-77.091054,"38,403"
37.704843,-76.412663,"28,033"
36.701721,-83.130112,"75,592"
39.0812,-77.638898,"591,297"
37.972704,-77.959795,"77,279"
36.946094,-78.241985,"26,989"
38.412059,-78.276961,"27,153"
37.425348,-76.268808,"22,933"
36.687256,-78.368959,"70,047"
37.606975,-76.528082,"26,268"
37.175534,-80.387791,"249,304"
37.789079,-78.88344,"53,933"
37.502819,-76.982819,"74,038"
37.302775,-75.924018,"19,280"
37.856974,-76.379687,"33,757"
37.141167,-78.053866,"33,836"
38.250193,-78.009622,"78,775"
38.623201,-78.49188,"76,776"
36.667128,-80.286413,"63,433"
36.821721,-79.398502,"147,876"
37.549404,-77.912855,"63,744"
37.224881,-78.432957,"42,629"
37.187325,-77.220993,"65,547"
38.701119,-77.479579,"715,750"
37.063385,-80.713444,"112,724"
38.684522,-78.168824,"17,791"
37.942894,-76.730561,"18,028"
37.330792,-80.191237,"271,086"
37.814517,-79.447754,"44,488"
38.507585,-78.885321,"229,223"
36.93342,-82.095934,"91,252"
36.712776,-82.613624,"74,071"
38.856204,-78.573987,"132,623"
36.842318,-81.539786,"100,943"
36.720173,-77.103856,"43,077"
38.182431,-77.657226,"256,416"
38.415386,-77.454872,"259,136"
37.119761,-76.880172,"16,920"
36.926645,-77.259732,"22,112"
37.125395,-81.562924,"145,462"
38.908221,-78.207594,"77,089"
36.747831,-81.950316,"184,556"
38.109311,-76.803933,"41,727"
36.974561,-82.62156,"125,904"
36.899873,-81.083005,"95,109"
37.220914,-76.395533,"116,733"
38.820071,-77.084063,"215,072"
36.616954,-82.157564,"56,901"
37.731365,-79.356635,"11,890"
38.037658,-78.485381,"73,478"
36.679376,-76.301788,"445,714"
37.261685,-77.396804,"37,979"
37.778143,-79.986039,"11,110"
36.583334,-79.408071,"133,300"
36.696182,-77.535975,"11,550"
38.853183,-77.299025,"37,694"
38.884722,-77.175603,"22,089"
36.684014,-76.941396,"19,405"
38.299272,-77.486658,"44,885"
36.66564,-80.914308,"19,541"
37.04803,-76.297149,"249,530"
38.436255,-78.873303,"66,233"
37.29101,-77.298944,"46,230"
37.782332,-79.44432,"6,764"
37.399016,-79.195458,"204,801"
38.747172,-77.484536,"66,395"
38.768945,-77.448767,"21,928"
36.683527,-79.863647,"44,672"
37.076166,-76.521968,"322,725"
36.923015,-76.244641,"398,251"
36.931549,-82.625996,"14,494"
37.20473,-77.392368,"63,778"
37.12836,-76.303534,"24,559"
36.859623,-76.356307,"175,600"
37.120119,-80.559147,"36,511"
37.531399,-77.476009,"391,660"
37.278458,-79.958174,"275,309"
37.285333,-80.055241,"66,850"
38.158056,-79.061501,"65,595"
36.697157,-76.634781,"187,578"
36.779985,-76.025209,"870,591"
38.067157,-78.90142,"38,374"
37.269481,-76.708193,"18,322"
39.173869,-78.176356,"81,546"
47.011238,-118.512861,"22,828"
46.181861,-117.227781,"30,254"
46.228125,-119.516659,"313,042"
47.860974,-120.619041,"138,384"
48.110903,-123.88986,"131,721"
45.771674,-122.485903,"612,673"
46.29285,-117.911634,"7,225"
46.196785,-122.67846,"183,426"
47.741763,-119.694622,"85,325"
48.473256,-118.533589,"9,800"
46.53458,-118.906944,"108,062"
46.429478,-117.536711,"4,756"
47.213633,-119.467788,"151,555"
47.113999,-123.826655,"101,003"
48.158554,-122.670649,"105,453"
47.805346,-123.527136,"45,615"
47.490599,-121.833996,"2,338,725"
47.639687,-122.649636,"310,433"
47.124444,-120.676714,"50,760"
45.870446,-120.779305,"30,224"
46.580071,-122.377444,"128,217"
47.582743,-118.417692,"17,490"
47.354126,-123.17385,"83,428"
48.551386,-119.685877,"79,556"
46.556587,-123.782419,"28,802"
48.543825,-117.232191,"20,615"
47.051415,-122.153242,"1,064,981"
48.50719,-123.103769,"23,889"
48.493292,-121.81577,"129,627"
46.024782,-121.953227,"19,163"
48.054913,-121.766412,"895,636"
47.620375,-117.403371,"643,765"
48.388727,-117.854454,"61,014"
46.935822,-122.830152,"338,179"
46.294638,-123.424458,"5,472"
46.254606,-118.480374,"82,211"
48.842653,-121.836432,"199,045"
46.905944,-117.53539,"54,386"
46.456558,-120.740145,"359,326"
39.139725,-79.996947,"38,569"
39.448054,-78.037776,"356,574"
38.022814,-81.713539,"83,623"
38.699342,-80.731657,"34,868"
40.272645,-80.578691,"60,466"
38.419578,-82.243397,"290,355"
38.844159,-81.115478,"16,589"
38.459826,-81.081866,"25,518"
39.26348,-80.701232,"15,412"
38.030933,-81.086051,"146,799"
38.915867,-80.849413,"15,201"
39.105988,-79.195064,"28,331"
37.924418,-80.45059,"107,257"
39.312139,-78.611989,"75,223"
40.516958,-80.570164,"76,821"
39.011361,-78.841729,"38,203"
39.279182,-80.386498,"160,608"
38.834234,-81.677717,"82,565"
39.307398,-77.86322,"179,399"
38.328068,-81.523516,"620,463"
38.988877,-80.495477,"38,471"
38.17177,-82.077623,"68,525"
37.830591,-81.940853,"135,615"
37.382663,-81.658205,"78,340"
39.505839,-80.243402,"135,194"
39.854426,-80.671794,"97,160"
38.770914,-82.029007,"96,001"
37.403448,-81.106456,"227,709"
39.404781,-78.95669,"84,899"
37.721161,-82.158989,"110,134"
39.633645,-80.059074,"214,139"
37.55034,-80.54789,"46,056"
39.555002,-78.257345,"58,852"
38.291416,-80.797516,"81,196"
40.098932,-80.620728,"117,539"
38.67445,-79.340617,"20,051"
39.368133,-81.161172,"17,857"
38.332606,-80.010121,"24,428"
39.46903,-79.668865,"79,839"
38.510513,-81.906109,"195,820"
37.76247,-81.264671,"260,796"
38.781095,-79.867788,"71,861"
39.177112,-81.066317,"21,521"
38.743003,-81.354522,"35,324"
37.656003,-80.856315,"41,054"
39.332478,-80.046554,"42,638"
39.111175,-79.559968,"17,129"
39.465634,-80.877219,"19,370"
38.902536,-80.231335,"58,376"
38.145541,-82.419681,"135,812"
38.483459,-80.449052,"27,852"
39.600602,-80.628157,"34,989"
39.020034,-81.382975,"14,325"
39.211575,-81.516253,"210,726"
37.603717,-81.548884,"91,209"
43.973763,-89.767223,"54,095"
46.544424,-90.679691,"30,431"
45.437192,-91.852892,"98,334"
46.634199,-91.177282,"33,558"
44.473961,-87.995926,"541,774"
44.385642,-91.761229,"32,761"
45.866878,-92.37574,"34,885"
44.07841,-88.212132,"113,440"
45.069092,-91.283505,"131,560"
44.739306,-90.609945,"68,863"
43.471882,-89.330472,"155,384"
43.24991,-90.95123,"47,605"
43.067468,-89.417852,"1,181,270"
43.422706,-88.704379,"166,605"
45.067931,-87.088131,"78,684"
46.463218,-91.892477,"71,678"
44.947741,-91.89772,"90,294"
44.726355,-91.286414,"196,058"
45.871865,-88.407234,"11,359"
43.754722,-88.493284,"266,776"
45.666881,-88.773326,"21,424"
42.870028,-90.694229,"129,910"
42.675522,-89.605074,"99,078"
43.76141,-88.987228,"49,658"
43.001021,-90.133691,"66,701"
46.32655,-90.261298,"13,286"
44.326757,-90.796018,"43,468"
43.013804,-88.773985,"150,602"
43.932836,-90.113984,"50,215"
42.579702,-87.424884,"290,834"
44.500954,-87.161829,"48,526"
43.908222,-91.111758,"216,981"
42.655578,-90.130292,"35,822"
45.262385,-89.067545,"47,139"
45.338417,-89.742309,"68,461"
44.105092,-87.313734,"179,924"
44.898036,-89.757823,"305,006"
45.346899,-87.991198,"105,305"
43.826053,-89.409095,"42,881"
44.991304,-88.669251,"9,054"
43.017669,-87.481489,"1,607,537"
43.945175,-90.619969,"93,354"
44.996575,-88.206516,"94,111"
45.716176,-89.534533,"80,370"
44.418226,-88.464988,"326,417"
43.360458,-87.497383,"172,227"
44.627436,-91.83489,"16,671"
44.725336,-92.426279,"84,284"
45.462041,-92.447066,"95,198"
44.476246,-89.49807,"155,347"
45.679072,-90.35965,"31,842"
42.754075,-87.414676,"364,387"
43.376199,-90.435693,"38,646"
42.66988,-89.075284,"418,552"
45.472734,-91.136745,"30,976"
45.028959,-92.447284,"179,465"
43.427998,-89.943329,"166,610"
45.864913,-91.14713,"35,676"
44.789641,-88.755813,"75,919"
43.745972,-87.731986,"188,235"
45.211656,-90.504853,"49,426"
44.30305,-91.358867,"63,323"
43.599366,-90.821983,"64,058"
46.049848,-89.501254,"58,283"
42.66811,-88.541731,"239,425"
45.892463,-91.796423,"35,594"
43.391156,-88.232917,"262,139"
43.019308,-88.306707,"811,561"
44.478004,-88.967005,"125,400"
44.112825,-89.239752,"63,253"
44.085707,-88.668149,"379,188"
44.461413,-90.038825,"201,775"
41.665514,-105.721883,"84,243"
44.525117,-107.994848,"25,876"
44.191999,-105.517014,"164,140"
41.70359,-106.933153,"38,126"
42.974898,-105.505917,"17,867"
44.589266,-104.567298,"28,624"
43.054831,-108.608935,"90,088"
42.08958,-104.353482,"29,820"
43.720209,-108.435076,"6,327"
44.044048,-106.588541,"29,994"
41.29283,-104.660395,"170,647"
42.229993,-110.682961,"30,566"
42.973602,-106.76507,"86,518"
43.062159,-104.468373,"6,294"
44.492387,-109.593597,"33,071"
42.131593,-104.953963,"22,546"
44.781369,-106.881211,"84,022"
42.767928,-109.91617,"11,297"
41.660328,-108.875677,"39,769"
44.048663,-110.42607,"53,024"
41.284726,-110.558947,"19,076"
43.878831,-107.669052,"22,332"
43.846213,-104.57002,"27,712"